file,smiles,affinity
/mnt/c/Users/466259/Uni-Mol/unimol_docking_v2/interface/predict_sdf_4k7a/4wnv_predict_124.sdf,C[C@@H]1C(=O)C(C)(C)Nc2ccc3c(c21)[C@@H](c1ccccc1)Oc1ccccc1-3,200.642
/mnt/c/Users/466259/Uni-Mol/unimol_docking_v2/interface/predict_sdf_4k7a/4wnv_predict_15.sdf,O=C1[C@H]2[C@H]3CC[C@H](C3)N2C(=O)N1c1ccc([N+](=O)[O-])c2ccccc12,185.18
/mnt/c/Users/466259/Uni-Mol/unimol_docking_v2/interface/predict_sdf_4k7a/4wnv_predict_175.sdf,Cc1cc(C)cc(N(Cc2ccc(O)cc2)c2cc(C(=O)N3CCCC3)n(C)c2)c1,214.831
/mnt/c/Users/466259/Uni-Mol/unimol_docking_v2/interface/predict_sdf_4k7a/4wnv_predict_1.sdf,CC1=CC(C)(C)Nc2ccc3c(c21)/C(=C/c1ccsc1)Oc1ccc(F)cc1-3,289.378
/mnt/c/Users/466259/Uni-Mol/unimol_docking_v2/interface/predict_sdf_4k7a/4wnv_predict_125.sdf,C[C@]12CC[C@](C)(O1)[C@H]1C(=O)N(c3cc(Cl)cc(Cl)c3)C(=O)[C@H]12,176.526
/mnt/c/Users/466259/Uni-Mol/unimol_docking_v2/interface/predict_sdf_4k7a/4wnv_predict_150.sdf,O=C(c1cccc(N(Cc2ccccc2)c2ccc([N+](=O)[O-])cc2)c1)N1CCCC1,91.993
/mnt/c/Users/466259/Uni-Mol/unimol_docking_v2/interface/predict_sdf_4k7a/4wnv_predict_176.sdf,Cc1cc(C)cc(N(Cc2ccccc2)c2cc(C(=O)N3CCCC3)n(C)c2)c1,13.395
/mnt/c/Users/466259/Uni-Mol/unimol_docking_v2/interface/predict_sdf_4k7a/4wnv_predict_10.sdf,CC(C)(C)OC(=O)N1C[C@@H]2C[C@H]1[C@H]1C(=O)N(c3ccc([N+](=O)[O-])cc3)C(=O)N21,287.978
/mnt/c/Users/466259/Uni-Mol/unimol_docking_v2/interface/predict_sdf_4k7a/4wnv_predict_151.sdf,O=C(c1ccc(N(Cc2ccccc2)c2ccc([N+](=O)[O-])cc2)cc1)N1CCCC1,139.809
/mnt/c/Users/466259/Uni-Mol/unimol_docking_v2/interface/predict_sdf_4k7a/4wnv_predict_177.sdf,Cc1cc(C)cc(N(CC2CCCCC2)c2cc(C(=O)N3CCCC3)n(C)c2)c1,236.08
/mnt/c/Users/466259/Uni-Mol/unimol_docking_v2/interface/predict_sdf_4k7a/4wnv_predict_100.sdf,Cc1c(N2[C@H](C)[C@H]3[C@@H](O)CCN3S2(=O)=O)ccc(C#N)c1Cl,103.077
/mnt/c/Users/466259/Uni-Mol/unimol_docking_v2/interface/predict_sdf_4k7a/4wnv_predict_178.sdf,Cc1cc(C)cc(N(c2cc(C(=O)N3CCCC3)n(C)c2)C(C)C)c1,48.617
/mnt/c/Users/466259/Uni-Mol/unimol_docking_v2/interface/predict_sdf_4k7a/4wnv_predict_152.sdf,Cn1cc(N(Cc2ccccc2)c2ccc([N+](=O)[O-])cc2)cc1C(=O)N1CCCCC1,104.146
/mnt/c/Users/466259/Uni-Mol/unimol_docking_v2/interface/predict_sdf_4k7a/4wnv_predict_127.sdf,C[C@]12CC[C@](C)(O1)[C@@H]1C(=O)N(c3ccc(C#N)c(I)c3)C(=O)[C@@H]12,148.071
/mnt/c/Users/466259/Uni-Mol/unimol_docking_v2/interface/predict_sdf_4k7a/4wnv_predict_101.sdf,C[C@@H]1C(=O)C(C)(C)Nc2ccc3c(c21)[C@H](c1ccc(Cl)cc1)Oc1ccccc1-3,155.37
/mnt/c/Users/466259/Uni-Mol/unimol_docking_v2/interface/predict_sdf_4k7a/4wnv_predict_153.sdf,CCN(CC)C(=O)c1cc(N(Cc2ccccc2)c2ccc([N+](=O)[O-])cc2)cn1C,292.277
/mnt/c/Users/466259/Uni-Mol/unimol_docking_v2/interface/predict_sdf_4k7a/4wnv_predict_179.sdf,C[C@@H]1C(=O)C(C)(C)Nc2ccc3c(c21)[C@H](c1ccc(Cl)cc1)Oc1ccccc1-3,158.956
/mnt/c/Users/466259/Uni-Mol/unimol_docking_v2/interface/predict_sdf_4k7a/4wnv_predict_128.sdf,C[C@]12CC[C@](C)(O1)[C@H]1C(=O)N(c3ccc(C#N)c(C(F)(F)F)c3)C(=O)[C@H]12,315.0
/mnt/c/Users/466259/Uni-Mol/unimol_docking_v2/interface/predict_sdf_4k7a/4wnv_predict_102.sdf,Cc1c(N2C[C@H]3[C@@H](O)CCN3S2(=O)=O)ccc(C#N)c1Cl,41.266
/mnt/c/Users/466259/Uni-Mol/unimol_docking_v2/interface/predict_sdf_4k7a/4wnv_predict_154.sdf,Cn1cc(N(Cc2ccccc2)c2ccc([N+](=O)[O-])cc2)cc1C(N)=O,210.766
/mnt/c/Users/466259/Uni-Mol/unimol_docking_v2/interface/predict_sdf_4k7a/4wnv_predict_18.sdf,O=C1[C@H]2[C@H]3C[C@H](CN3C(=O)Oc3ccc(F)cc3)N2C(=O)N1c1ccc([N+](=O)[O-])c2ccccc12,389.155
/mnt/c/Users/466259/Uni-Mol/unimol_docking_v2/interface/predict_sdf_4k7a/4wnv_predict_129.sdf,C[C@]12CC[C@](C)(O1)[C@H]1C(=O)N(c3cccc(C(F)(F)F)c3)C(=O)[C@H]12,146.758
/mnt/c/Users/466259/Uni-Mol/unimol_docking_v2/interface/predict_sdf_4k7a/4wnv_predict_155.sdf,Cn1cc(N(Cc2ccccc2)c2ccc([N+](=O)[O-])cc2)cc1C(=O)O,106.758
/mnt/c/Users/466259/Uni-Mol/unimol_docking_v2/interface/predict_sdf_4k7a/4wnv_predict_103.sdf,Cc1c(N2C(=O)[C@@H]3C[C@@H](O)CN3S2(=O)=O)ccc(C#N)c1Cl,21.279
/mnt/c/Users/466259/Uni-Mol/unimol_docking_v2/interface/predict_sdf_4k7a/4wnv_predict_180.sdf,CCN(c1cc(C)cc(C)c1)c1cc(C(=O)N2CCCC2)n(C)c1,82.597
/mnt/c/Users/466259/Uni-Mol/unimol_docking_v2/interface/predict_sdf_4k7a/4wnv_predict_13.sdf,C=CC[C@@H]1Oc2cccc(CO)c2-c2ccc3c(c21)C(C)=CC(C)(C)N3,266.315
/mnt/c/Users/466259/Uni-Mol/unimol_docking_v2/interface/predict_sdf_4k7a/4wnv_predict_181.sdf,Cc1cc(C)cc(N(C)c2cc(C(=O)N3CCCC3)n(C)c2)c1,331.788
/mnt/c/Users/466259/Uni-Mol/unimol_docking_v2/interface/predict_sdf_4k7a/4wnv_predict_156.sdf,Cn1cc(N(Cc2ccccc2)c2ccc([N+](=O)[O-])cc2)cc1CO,76.359
/mnt/c/Users/466259/Uni-Mol/unimol_docking_v2/interface/predict_sdf_4k7a/4wnv_predict_104.sdf,Cc1c(N2C(=O)[C@]3(C)[C@@H](O)CCN3S2(=O)=O)ccc(C#N)c1Cl,70.639
/mnt/c/Users/466259/Uni-Mol/unimol_docking_v2/interface/predict_sdf_4k7a/4wnv_predict_130.sdf,C[C@@]12CC[C@@H](O1)[C@@H]1C(=O)N(c3cccc(C(F)(F)F)c3)C(=O)[C@@H]12,35.885
/mnt/c/Users/466259/Uni-Mol/unimol_docking_v2/interface/predict_sdf_4k7a/4wnv_predict_182.sdf,Cn1cc(Nc2ccc([N+](=O)[O-])cc2)cc1C(=O)N1CCCC1,96.309
/mnt/c/Users/466259/Uni-Mol/unimol_docking_v2/interface/predict_sdf_4k7a/4wnv_predict_157.sdf,C[C@@H]1C(=O)C(C)(C)Nc2ccc3c(c21)[C@@H](c1ccccc1)Oc1ccccc1-3,99.268
/mnt/c/Users/466259/Uni-Mol/unimol_docking_v2/interface/predict_sdf_4k7a/4wnv_predict_131.sdf,O=C1[C@@H]2[C@H](C(=O)N1c1cccc(C(F)(F)F)c1)[C@@H]1CC[C@H]2O1,54.445
/mnt/c/Users/466259/Uni-Mol/unimol_docking_v2/interface/predict_sdf_4k7a/4wnv_predict_105.sdf,Cc1c(N2C(=O)[C@H]3[C@H](O)CCN3S2(=O)=O)ccc(C#N)c1Cl,141.917
/mnt/c/Users/466259/Uni-Mol/unimol_docking_v2/interface/predict_sdf_4k7a/4wnv_predict_158.sdf,CCOC(=O)c1cc(N(Cc2ccccc2)c2ccc([N+](=O)[O-])cc2)cn1C,38.912
/mnt/c/Users/466259/Uni-Mol/unimol_docking_v2/interface/predict_sdf_4k7a/4wnv_predict_183.sdf,Cc1cc(C)cc(Nc2cc(C(=O)N3CCCC3)n(C)c2)c1,142.613
/mnt/c/Users/466259/Uni-Mol/unimol_docking_v2/interface/predict_sdf_4k7a/4wnv_predict_132.sdf,N#Cc1ccc(N2C(=O)[C@@H]3[C@H](C2=O)[C@H]2CC[C@@H]3O2)cc1C(F)(F)F,77.152
/mnt/c/Users/466259/Uni-Mol/unimol_docking_v2/interface/predict_sdf_4k7a/4wnv_predict_106.sdf,Cc1c(N2C(=O)[C@H]3[C@@H](O)CCN3S2(=O)=O)ccc(C#N)c1Cl,108.833
/mnt/c/Users/466259/Uni-Mol/unimol_docking_v2/interface/predict_sdf_4k7a/4wnv_predict_159.sdf,COC(=O)c1ccc(N(Cc2ccccc2)c2cc(C(=O)N3CCCC3)n(C)c2)cc1,267.695
/mnt/c/Users/466259/Uni-Mol/unimol_docking_v2/interface/predict_sdf_4k7a/4wnv_predict_184.sdf,Cn1cc(N(Cc2ccccc2)c2ccc([N+](=O)[O-])cc2)cc1C(=O)N1CCc2ccccc21,244.965
/mnt/c/Users/466259/Uni-Mol/unimol_docking_v2/interface/predict_sdf_4k7a/4wnv_predict_133.sdf,O=C1[C@@H]2[C@H](C(=O)N1c1ccc(Cl)c(C(F)(F)F)c1)[C@@H]1CC[C@H]2O1,157.91
/mnt/c/Users/466259/Uni-Mol/unimol_docking_v2/interface/predict_sdf_4k7a/4wnv_predict_107.sdf,,147.198
/mnt/c/Users/466259/Uni-Mol/unimol_docking_v2/interface/predict_sdf_4k7a/4wnv_predict_16.sdf,O=C1[C@@H]2[C@@H]3CC[C@@H](C3)[C@@H]2C(=O)N1c1ccc([N+](=O)[O-])c(C(F)(F)F)c1,217.328
/mnt/c/Users/466259/Uni-Mol/unimol_docking_v2/interface/predict_sdf_4k7a/4wnv_predict_185.sdf,Cn1cc(N(Cc2ccccc2)c2ccc([N+](=O)[O-])c(C(F)(F)F)c2)cc1C(=O)N1CCCC1,287.693
/mnt/c/Users/466259/Uni-Mol/unimol_docking_v2/interface/predict_sdf_4k7a/4wnv_predict_134.sdf,O=C1[C@@H]2[C@H](C(=O)N1c1ccc(Cl)c([N+](=O)[O-])c1)[C@@H]1CC[C@H]2O1,82.836
/mnt/c/Users/466259/Uni-Mol/unimol_docking_v2/interface/predict_sdf_4k7a/4wnv_predict_108.sdf,CC(=O)S[C@@H]1CC2=CC(=O)CC[C@]2(C)[C@@H]2CC[C@]3(C)[C@@H](CC[C@@]34CCC(=O)O4)[C@@H]21,149.114
/mnt/c/Users/466259/Uni-Mol/unimol_docking_v2/interface/predict_sdf_4k7a/4wnv_predict_160.sdf,CC(=O)c1ccc(N(Cc2ccccc2)c2cc(C(=O)N3CCCC3)n(C)c2)cc1,142.643
/mnt/c/Users/466259/Uni-Mol/unimol_docking_v2/interface/predict_sdf_4k7a/4wnv_predict_186.sdf,C[C@]1(C(=O)Nc2nccs2)C[C@H]2c3ccccc3[C@@H]1c1ccccc12,128.324
/mnt/c/Users/466259/Uni-Mol/unimol_docking_v2/interface/predict_sdf_4k7a/4wnv_predict_135.sdf,C[C@@H]1C(=O)C(C)(C)Nc2ccc3c(c21)[C@H](c1cccc(F)c1)Oc1ccccc1-3,132.958
/mnt/c/Users/466259/Uni-Mol/unimol_docking_v2/interface/predict_sdf_4k7a/4wnv_predict_109.sdf,COC(=O)[C@@H]1CC2=CC(=O)CC[C@]2(C)[C@@H]2[C@H]3O[C@H]3[C@@]3(C)[C@H](CC[C@]34CCC(=O)O4)[C@@H]21,189.53
/mnt/c/Users/466259/Uni-Mol/unimol_docking_v2/interface/predict_sdf_4k7a/4wnv_predict_161.sdf,Cn1cc(N(Cc2ccccc2)c2ccc(C(F)(F)F)cc2)cc1C(=O)N1CCCC1,43.065
/mnt/c/Users/466259/Uni-Mol/unimol_docking_v2/interface/predict_sdf_4k7a/4wnv_predict_187.sdf,C[C@]1(C(=O)Nc2nccs2)C[C@]2(C)c3ccccc3[C@H]1c1ccccc12,306.225
/mnt/c/Users/466259/Uni-Mol/unimol_docking_v2/interface/predict_sdf_4k7a/4wnv_predict_136.sdf,Cc1cc(N2C(=O)[C@@H]3[C@H](C2=O)[C@@H]2CC[C@H]3O2)ccc1Cl,56.471
/mnt/c/Users/466259/Uni-Mol/unimol_docking_v2/interface/predict_sdf_4k7a/4wnv_predict_11.sdf,CC(C)(C)OC(=O)N1C[C@@H]2C[C@@H]1[C@@H]1C(=O)N(c3ccc(C#N)cc3)C(=O)N21,247.402
/mnt/c/Users/466259/Uni-Mol/unimol_docking_v2/interface/predict_sdf_4k7a/4wnv_predict_162.sdf,Cn1cc(N(Cc2ccccc2)c2ccc(C#N)cc2)cc1C(=O)N1CCCC1,72.591
/mnt/c/Users/466259/Uni-Mol/unimol_docking_v2/interface/predict_sdf_4k7a/4wnv_predict_188.sdf,C[C@]1(C(=O)Nc2nncs2)C[C@]2(C)c3ccccc3[C@H]1c1ccccc12,190.812
/mnt/c/Users/466259/Uni-Mol/unimol_docking_v2/interface/predict_sdf_4k7a/4wnv_predict_137.sdf,Cc1ccc(N2C(=O)[C@@H]3[C@H](C2=O)[C@@H]2CC[C@H]3O2)cc1Cl,135.122
/mnt/c/Users/466259/Uni-Mol/unimol_docking_v2/interface/predict_sdf_4k7a/4wnv_predict_163.sdf,Cn1cc(N(Cc2ccccc2)c2ccccc2[N+](=O)[O-])cc1C(=O)N1CCCC1,-3.352
/mnt/c/Users/466259/Uni-Mol/unimol_docking_v2/interface/predict_sdf_4k7a/4wnv_predict_110.sdf,,255.042
/mnt/c/Users/466259/Uni-Mol/unimol_docking_v2/interface/predict_sdf_4k7a/4wnv_predict_138.sdf,O=C1[C@@H]2[C@H](C(=O)N1c1ccc(Cl)c(Cl)c1)[C@@H]1CC[C@H]2O1,45.555
/mnt/c/Users/466259/Uni-Mol/unimol_docking_v2/interface/predict_sdf_4k7a/4wnv_predict_189.sdf,Cc1c(/N=C2\OC[C@H]3[C@H](O)CCN23)ccc(C#N)c1Cl,74.89
/mnt/c/Users/466259/Uni-Mol/unimol_docking_v2/interface/predict_sdf_4k7a/4wnv_predict_164.sdf,Cn1cc(N(Cc2ccc(CO)cc2)c2ccc([N+](=O)[O-])cc2)cc1C(=O)N1CCCC1,85.655
/mnt/c/Users/466259/Uni-Mol/unimol_docking_v2/interface/predict_sdf_4k7a/4wnv_predict_139.sdf,O=C1[C@@H]2[C@H](C(=O)N1c1ccc(I)c(Cl)c1)[C@@H]1CC[C@H]2O1,194.73
/mnt/c/Users/466259/Uni-Mol/unimol_docking_v2/interface/predict_sdf_4k7a/4wnv_predict_111.sdf,,122.707
/mnt/c/Users/466259/Uni-Mol/unimol_docking_v2/interface/predict_sdf_4k7a/4wnv_predict_19.sdf,N#Cc1ccc(N2C(=O)[C@@H]3[C@@H]4C[C@@H](CN4C(=O)Oc4ccc(F)cc4)N3C2=O)c2ccccc12,164.689
/mnt/c/Users/466259/Uni-Mol/unimol_docking_v2/interface/predict_sdf_4k7a/4wnv_predict_165.sdf,Cn1cc(N(Cc2ccc(O)cc2)c2ccc([N+](=O)[O-])cc2)cc1C(=O)N1CCCC1,83.079
/mnt/c/Users/466259/Uni-Mol/unimol_docking_v2/interface/predict_sdf_4k7a/4wnv_predict_112.sdf,CCc1ccccc1/C=C1/Oc2ccc(F)cc2-c2ccc3c(c21)C(C)=CC(C)(C)N3,234.633
/mnt/c/Users/466259/Uni-Mol/unimol_docking_v2/interface/predict_sdf_4k7a/4wnv_predict_14.sdf,CC(C)(C)OC(=O)N1C[C@@H]2C[C@H]1[C@@]1(C)C(=O)N(c3ccc(C#N)c(C(F)(F)F)c3)C(=O)N21,173.615
/mnt/c/Users/466259/Uni-Mol/unimol_docking_v2/interface/predict_sdf_4k7a/4wnv_predict_190.sdf,C[C@H]1C(=O)C(C)(C)Nc2ccc3c(c21)[C@@H](c1cccc(C(F)(F)F)c1)Oc1ccccc1-3,171.667
/mnt/c/Users/466259/Uni-Mol/unimol_docking_v2/interface/predict_sdf_4k7a/4wnv_predict_166.sdf,Cc1ccc(CN(c2ccc([N+](=O)[O-])cc2)c2cc(C(=O)N3CCCC3)n(C)c2)cc1,145.933
/mnt/c/Users/466259/Uni-Mol/unimol_docking_v2/interface/predict_sdf_4k7a/4wnv_predict_113.sdf,C[C@@H]1C(=O)C(C)(C)Nc2ccc3c(c21)/C(=C\c1ccccc1)Oc1ccccc1-3,224.924
/mnt/c/Users/466259/Uni-Mol/unimol_docking_v2/interface/predict_sdf_4k7a/4wnv_predict_140.sdf,O=C1[C@@H]2[C@H](C(=O)N1c1ccc(Br)c3ccccc13)[C@@H]1CC[C@H]2O1,119.034
/mnt/c/Users/466259/Uni-Mol/unimol_docking_v2/interface/predict_sdf_4k7a/4wnv_predict_191.sdf,Cc1c(/N=C2/OC[C@H]3[C@@H](O)CCN23)ccc(C#N)c1Cl,229.877
/mnt/c/Users/466259/Uni-Mol/unimol_docking_v2/interface/predict_sdf_4k7a/4wnv_predict_167.sdf,Cn1cc(N(Cc2ccc(F)cc2)c2ccc([N+](=O)[O-])cc2)cc1C(=O)N1CCCC1,205.082
/mnt/c/Users/466259/Uni-Mol/unimol_docking_v2/interface/predict_sdf_4k7a/4wnv_predict_141.sdf,O=C1[C@@H]2[C@H](C(=O)N1c1ccc([N+](=O)[O-])c3ccccc13)[C@H]1CC[C@H]2O1,161.941
/mnt/c/Users/466259/Uni-Mol/unimol_docking_v2/interface/predict_sdf_4k7a/4wnv_predict_114.sdf,C[C@]12O[C@](C)(C[C@H]1O)[C@@H]1C(=O)N(c3ccc(C#N)c(I)c3)C(=O)[C@@H]12,167.105
/mnt/c/Users/466259/Uni-Mol/unimol_docking_v2/interface/predict_sdf_4k7a/4wnv_predict_168.sdf,C[C@@H]1C(=O)C(C)(C)Nc2ccc3c(c21)/C(=C\c1cccc(F)c1)Oc1ccccc1-3,227.695
/mnt/c/Users/466259/Uni-Mol/unimol_docking_v2/interface/predict_sdf_4k7a/4wnv_predict_192.sdf,Cc1c(/N=C2\O[C@H](C(F)(F)F)[C@@H]3[C@@H](O)CCN23)ccc(C#N)c1Cl,82.825
/mnt/c/Users/466259/Uni-Mol/unimol_docking_v2/interface/predict_sdf_4k7a/4wnv_predict_142.sdf,CC(C)(C)OC(=O)N1C[C@@H]2C[C@H]1[C@H]1C(=O)N(c3ccc(C#N)c(C(F)(F)F)c3)C(=O)N21,112.269
/mnt/c/Users/466259/Uni-Mol/unimol_docking_v2/interface/predict_sdf_4k7a/4wnv_predict_115.sdf,C[C@]12O[C@@](C)(C[C@@H]1O)[C@@H]1C(=O)N(c3ccc(C#N)c(I)c3)C(=O)[C@@H]12,246.695
/mnt/c/Users/466259/Uni-Mol/unimol_docking_v2/interface/predict_sdf_4k7a/4wnv_predict_169.sdf,Cn1cc(N(Cc2ccccc2)c2ccc([N+](=O)[O-])cc2)cc1C(=O)N1CCCC1,187.937
/mnt/c/Users/466259/Uni-Mol/unimol_docking_v2/interface/predict_sdf_4k7a/4wnv_predict_193.sdf,Cc1c(/N=C2/O[C@@H](C(F)(F)F)[C@H]3[C@H](O)CCN23)ccc(C#N)c1Cl,212.618
/mnt/c/Users/466259/Uni-Mol/unimol_docking_v2/interface/predict_sdf_4k7a/4wnv_predict_143.sdf,O=C1[C@H]2[C@H]3CC[C@H](C3)N2C(=O)N1c1cccc(C(F)(F)F)c1,83.465
/mnt/c/Users/466259/Uni-Mol/unimol_docking_v2/interface/predict_sdf_4k7a/4wnv_predict_116.sdf,C[C@]12CC[C@](C)(O1)[C@@H]1C(=O)N(c3ccc([N+](=O)[O-])c4c(Br)cccc34)C(=O)[C@@H]12,131.046
/mnt/c/Users/466259/Uni-Mol/unimol_docking_v2/interface/predict_sdf_4k7a/4wnv_predict_17.sdf,N#Cc1ccc(N2C(=O)[C@@H]3[C@@H]4C[C@@H](CN4C(=O)Oc4ccc(F)cc4)N3C2=O)cc1C(F)(F)F,299.758
/mnt/c/Users/466259/Uni-Mol/unimol_docking_v2/interface/predict_sdf_4k7a/4wnv_predict_194.sdf,Cc1c(/N=C2\O[C@@H](C(F)(F)F)[C@@H]3[C@H](O)CCN23)ccc(C#N)c1Cl,223.332
/mnt/c/Users/466259/Uni-Mol/unimol_docking_v2/interface/predict_sdf_4k7a/4wnv_predict_144.sdf,COc1c(O)ccc2c1-c1ccc3c(c1/C(=C/c1cccc(C)c1F)O2)C(C)=CC(C)(C)N3,431.02
/mnt/c/Users/466259/Uni-Mol/unimol_docking_v2/interface/predict_sdf_4k7a/4wnv_predict_117.sdf,C[C@]12CC[C@](C)(O1)[C@@H]1C(=O)N(c3ccc(C#N)n4nccc34)C(=O)[C@@H]12,165.316
/mnt/c/Users/466259/Uni-Mol/unimol_docking_v2/interface/predict_sdf_4k7a/4wnv_predict_170.sdf,Cn1cc(N(CC2CCCCC2)c2ccc([N+](=O)[O-])cc2)cc1C(=O)N1CCCC1,20.331
/mnt/c/Users/466259/Uni-Mol/unimol_docking_v2/interface/predict_sdf_4k7a/4wnv_predict_145.sdf,,254.223
/mnt/c/Users/466259/Uni-Mol/unimol_docking_v2/interface/predict_sdf_4k7a/4wnv_predict_195.sdf,Cc1c(/N=C2/O[C@@H](C(F)(F)F)[C@H]3[C@H](O)CCN23)ccc(C#N)c1Cl,70.392
/mnt/c/Users/466259/Uni-Mol/unimol_docking_v2/interface/predict_sdf_4k7a/4wnv_predict_118.sdf,C[C@]12CC[C@](C)(O1)[C@H]1C(=O)N(c3ccc(C#N)c4nsnc34)C(=O)[C@H]12,215.196
/mnt/c/Users/466259/Uni-Mol/unimol_docking_v2/interface/predict_sdf_4k7a/4wnv_predict_171.sdf,CC(C)N(c1ccc([N+](=O)[O-])cc1)c1cc(C(=O)N2CCCC2)n(C)c1,108.104
/mnt/c/Users/466259/Uni-Mol/unimol_docking_v2/interface/predict_sdf_4k7a/4wnv_predict_146.sdf,C[C@@H]1C(=O)C(C)(C)Nc2ccc3c(c21)[C@@H](c1cccc(F)c1)Oc1ccccc1-3,110.579
/mnt/c/Users/466259/Uni-Mol/unimol_docking_v2/interface/predict_sdf_4k7a/4wnv_predict_196.sdf,Cc1c(/N=C2/O[C@H](C(C)C)[C@@H]3[C@H](O)CCN23)ccc(C#N)c1Cl,141.693
/mnt/c/Users/466259/Uni-Mol/unimol_docking_v2/interface/predict_sdf_4k7a/4wnv_predict_119.sdf,C[C@]12CC[C@](C)(O1)[C@@H]1C(=O)N(c3c(N)ccc4nccn34)C(=O)[C@@H]12,71.917
/mnt/c/Users/466259/Uni-Mol/unimol_docking_v2/interface/predict_sdf_4k7a/4wnv_predict_172.sdf,CCN(c1ccc([N+](=O)[O-])cc1)c1cc(C(=O)N2CCCC2)n(C)c1,182.272
/mnt/c/Users/466259/Uni-Mol/unimol_docking_v2/interface/predict_sdf_4k7a/4wnv_predict_173.sdf,CN(c1ccc([N+](=O)[O-])cc1)c1cc(C(=O)N2CCCC2)n(C)c1,125.64
/mnt/c/Users/466259/Uni-Mol/unimol_docking_v2/interface/predict_sdf_4k7a/4wnv_predict_12.sdf,CC(C)(C)OC(=O)N1C[C@@H]2C[C@@H]1[C@@H]1C(=O)N(c3ccc(C#N)cc3)C(=O)N21,274.37
/mnt/c/Users/466259/Uni-Mol/unimol_docking_v2/interface/predict_sdf_4k7a/4wnv_predict_147.sdf,,158.344
/mnt/c/Users/466259/Uni-Mol/unimol_docking_v2/interface/predict_sdf_4k7a/4wnv_predict_197.sdf,Cc1c(/N=C2\NC[C@@H]3[C@@H](O)CCN23)ccc(C#N)c1Cl,213.325
/mnt/c/Users/466259/Uni-Mol/unimol_docking_v2/interface/predict_sdf_4k7a/4wnv_predict_174.sdf,Cc1cc(C)cc(N(Cc2ccc(CO)cc2)c2cc(C(=O)N3CCCC3)n(C)c2)c1,133.323
/mnt/c/Users/466259/Uni-Mol/unimol_docking_v2/interface/predict_sdf_4k7a/4wnv_predict_148.sdf,,135.27
/mnt/c/Users/466259/Uni-Mol/unimol_docking_v2/interface/predict_sdf_4k7a/4wnv_predict_120.sdf,C[C@]12CC[C@](C)(O1)[C@H]1C(=O)N(c3c(N)ccc4ncsc34)C(=O)[C@H]12,189.73
/mnt/c/Users/466259/Uni-Mol/unimol_docking_v2/interface/predict_sdf_4k7a/4wnv_predict_198.sdf,Cc1c(/N=C2/N(C)C[C@@H]3[C@H](O)CCN23)ccc(C#N)c1Cl,105.025
/mnt/c/Users/466259/Uni-Mol/unimol_docking_v2/interface/predict_sdf_4k7a/4wnv_predict_121.sdf,COc1cc(N2C(=O)[C@@H]3[C@H](C2=O)[C@@]2(C)CC[C@]3(C)O2)ccc1-c1cnco1,121.935
/mnt/c/Users/466259/Uni-Mol/unimol_docking_v2/interface/predict_sdf_4k7a/4wnv_predict_20.sdf,N#Cc1ccc(N2C(=O)[C@@H]3[C@@H]4C[C@H](CN4C(=O)c4ccccc4)N3C2=O)cc1C(F)(F)F,195.237
/mnt/c/Users/466259/Uni-Mol/unimol_docking_v2/interface/predict_sdf_4k7a/4wnv_predict_149.sdf,,74.724
/mnt/c/Users/466259/Uni-Mol/unimol_docking_v2/interface/predict_sdf_4k7a/4wnv_predict_199.sdf,Cc1c(/N=C2\N(C(N)=O)C[C@@H]3[C@H](O)CCN23)ccc(C#N)c1Cl,106.613
/mnt/c/Users/466259/Uni-Mol/unimol_docking_v2/interface/predict_sdf_4k7a/4wnv_predict_122.sdf,C[C@]12CC[C@](C)(O1)[C@H]1C(=O)N(c3cnc(C#N)c(Cl)c3)C(=O)[C@H]12,84.335
/mnt/c/Users/466259/Uni-Mol/unimol_docking_v2/interface/predict_sdf_4k7a/4wnv_predict_2.sdf,C=CC[C@H]1Oc2cccc(NC)c2-c2ccc3c(c21)C(C)=CC(C)(C)N3,51.873
/mnt/c/Users/466259/Uni-Mol/unimol_docking_v2/interface/predict_sdf_4k7a/4wnv_predict_200.sdf,Cc1c(N2[C@@H](C)[C@H]3[C@@H](O)CCN3[C@@H]2NC#N)ccc(C#N)c1Cl,99.099
/mnt/c/Users/466259/Uni-Mol/unimol_docking_v2/interface/predict_sdf_4k7a/4wnv_predict_225.sdf,O=C(C[C@@H](Nc1ccc([N+](=O)[O-])cc1)c1cccc(F)c1)c1cccc(Br)c1,158.311
/mnt/c/Users/466259/Uni-Mol/unimol_docking_v2/interface/predict_sdf_4k7a/4wnv_predict_123.sdf,C[C@]12CC[C@](C)(O1)[C@H]1C(=O)N(c3ccc([N+](=O)[O-])c(C(F)(F)F)c3)C(=O)[C@H]12,224.808
/mnt/c/Users/466259/Uni-Mol/unimol_docking_v2/interface/predict_sdf_4k7a/4wnv_predict_250.sdf,Cc1ccc(C(=O)C[C@@H](Nc2ccc(F)cc2)c2cccc(F)c2)cc1,68.48
/mnt/c/Users/466259/Uni-Mol/unimol_docking_v2/interface/predict_sdf_4k7a/4wnv_predict_201.sdf,O=C1C=C2CCc3cc(O)ccc3[C@@]2(Cc2ccccc2)CC1,48.858
/mnt/c/Users/466259/Uni-Mol/unimol_docking_v2/interface/predict_sdf_4k7a/4wnv_predict_226.sdf,O=C(C[C@@H](Nc1ccc([N+](=O)[O-])cc1)c1cccc(F)c1)c1ccccc1,40.854
/mnt/c/Users/466259/Uni-Mol/unimol_docking_v2/interface/predict_sdf_4k7a/4wnv_predict_251.sdf,Cc1ccc(C(=O)C[C@@H](Nc2ccc(F)c(F)c2)c2cccc(F)c2)cc1,82.432
/mnt/c/Users/466259/Uni-Mol/unimol_docking_v2/interface/predict_sdf_4k7a/4wnv_predict_276.sdf,C[C@]12CN(S(=O)(=O)c3ccccc3)C[C@](C)(O1)[C@@H]1C(=O)N(c3ccc(C#N)c(C(F)(F)F)c3)C(=O)[C@@H]12,112.457
/mnt/c/Users/466259/Uni-Mol/unimol_docking_v2/interface/predict_sdf_4k7a/4wnv_predict_227.sdf,O=C(C[C@H](Nc1ccc([N+](=O)[O-])cc1)c1cccc(F)c1)c1ccc(F)cc1,60.796
/mnt/c/Users/466259/Uni-Mol/unimol_docking_v2/interface/predict_sdf_4k7a/4wnv_predict_202.sdf,C[C@@](O)(CSc1ccc(NC(=O)CCl)cc1)C(=O)Nc1ccc(C#N)c(C(F)(F)F)c1,237.497
/mnt/c/Users/466259/Uni-Mol/unimol_docking_v2/interface/predict_sdf_4k7a/4wnv_predict_252.sdf,Cc1ccc(C(=O)C[C@@H](Nc2ccc([N+](=O)[O-])cc2)c2cccc(F)c2)cc1,173.933
/mnt/c/Users/466259/Uni-Mol/unimol_docking_v2/interface/predict_sdf_4k7a/4wnv_predict_277.sdf,C[C@]12CN(S(=O)(=O)c3ccc(F)cc3)C[C@](C)(O1)[C@@H]1C(=O)N(c3ccc(C#N)c(C(F)(F)F)c3)C(=O)[C@@H]12,283.065
/mnt/c/Users/466259/Uni-Mol/unimol_docking_v2/interface/predict_sdf_4k7a/4wnv_predict_228.sdf,O=C(C[C@H](Nc1ccc([N+](=O)[O-])cc1)c1cccc(F)c1)c1ccc(Cl)cc1,68.529
/mnt/c/Users/466259/Uni-Mol/unimol_docking_v2/interface/predict_sdf_4k7a/4wnv_predict_203.sdf,CC(=O)Nc1ccc(OC[C@@](C)(O)C(=O)Nc2ccc([N+](=O)[O-])c(C(F)(F)F)c2)cc1,66.494
/mnt/c/Users/466259/Uni-Mol/unimol_docking_v2/interface/predict_sdf_4k7a/4wnv_predict_253.sdf,C[C@]12CNC[C@](C)(O1)[C@H]1C(=O)N(c3ccc(C#N)c(C(F)(F)F)c3)C(=O)[C@H]12,229.5
/mnt/c/Users/466259/Uni-Mol/unimol_docking_v2/interface/predict_sdf_4k7a/4wnv_predict_278.sdf,C[C@]12CN(S(=O)(=O)c3ccccn3)C[C@](C)(O1)[C@@H]1C(=O)N(c3ccc(C#N)c(C(F)(F)F)c3)C(=O)[C@@H]12,432.05
/mnt/c/Users/466259/Uni-Mol/unimol_docking_v2/interface/predict_sdf_4k7a/4wnv_predict_229.sdf,O=C(C[C@@H](Nc1ccc([N+](=O)[O-])cc1)c1cccc(F)c1)c1ccc(Br)cc1,245.915
/mnt/c/Users/466259/Uni-Mol/unimol_docking_v2/interface/predict_sdf_4k7a/4wnv_predict_204.sdf,C[C@@](O)(COc1ccc(F)cc1)C(=O)Nc1ccc([N+](=O)[O-])c(C(F)(F)F)c1,142.251
/mnt/c/Users/466259/Uni-Mol/unimol_docking_v2/interface/predict_sdf_4k7a/4wnv_predict_254.sdf,CN1C(=O)[C@]2(C)O[C@](C)(C1=O)[C@H]1C(=O)N(c3ccc(C#N)c(C(F)(F)F)c3)C(=O)[C@H]12,79.212
/mnt/c/Users/466259/Uni-Mol/unimol_docking_v2/interface/predict_sdf_4k7a/4wnv_predict_279.sdf,C=C1CCCC(C)(C)[C@@H]1Cc1cc(OC)c(Br)cc1O,176.215
/mnt/c/Users/466259/Uni-Mol/unimol_docking_v2/interface/predict_sdf_4k7a/4wnv_predict_23.sdf,CCCCc1ccc(C(=O)N2C[C@H]3C[C@@H]2[C@@H]2C(=O)N(c4ccc(C#N)cc4)C(=O)N32)cc1,238.725
/mnt/c/Users/466259/Uni-Mol/unimol_docking_v2/interface/predict_sdf_4k7a/4wnv_predict_205.sdf,C[C@@](O)(COc1ccc(Cl)c(F)c1)C(=O)Nc1ccc(C#N)c(C(F)(F)F)c1,85.972
/mnt/c/Users/466259/Uni-Mol/unimol_docking_v2/interface/predict_sdf_4k7a/4wnv_predict_255.sdf,C[C@]12O[C@](C)(C(=O)N(CC3CC3)C1=O)[C@H]1C(=O)N(c3ccc(C#N)c(C(F)(F)F)c3)C(=O)[C@H]12,113.33
/mnt/c/Users/466259/Uni-Mol/unimol_docking_v2/interface/predict_sdf_4k7a/4wnv_predict_230.sdf,O=C(C[C@@H](Nc1ccc([N+](=O)[O-])cc1)c1cccc(F)c1)c1ccc(-c2ccccc2)cc1,208.836
/mnt/c/Users/466259/Uni-Mol/unimol_docking_v2/interface/predict_sdf_4k7a/4wnv_predict_206.sdf,C[C@]1(C(=O)Nc2ccc(C#N)c(C(F)(F)F)c2)CC(C(F)(F)F)=NN1,73.998
/mnt/c/Users/466259/Uni-Mol/unimol_docking_v2/interface/predict_sdf_4k7a/4wnv_predict_256.sdf,CC(C)[N@@+]1([O-])C(=O)[C@]2(C)O[C@](C)(C1=O)[C@@H]1C(=O)N(c3ccc(C#N)c(C(F)(F)F)c3)C(=O)[C@@H]12,167.004
/mnt/c/Users/466259/Uni-Mol/unimol_docking_v2/interface/predict_sdf_4k7a/4wnv_predict_207.sdf,N#Cc1ccc(N2[C@@H]3CC[C@H]2C[C@H](O)C3)c2ccccc12,45.779
/mnt/c/Users/466259/Uni-Mol/unimol_docking_v2/interface/predict_sdf_4k7a/4wnv_predict_231.sdf,O=C(C[C@@H](Nc1ccc([N+](=O)[O-])cc1)c1cccc(F)c1)c1ccc(C2CCCCC2)cc1,299.015
/mnt/c/Users/466259/Uni-Mol/unimol_docking_v2/interface/predict_sdf_4k7a/4wnv_predict_257.sdf,COc1ccc2c(c1)CCC1=CC(=O)CC[C@@]12Cc1ccccc1,119.765
/mnt/c/Users/466259/Uni-Mol/unimol_docking_v2/interface/predict_sdf_4k7a/4wnv_predict_280.sdf,C[C@]12CN(c3cccc(C(N)=O)c3)C[C@](C)(O1)[C@@H]1C(=O)N(c3ccc(C#N)c(C(F)(F)F)c3)C(=O)[C@@H]12,78.659
/mnt/c/Users/466259/Uni-Mol/unimol_docking_v2/interface/predict_sdf_4k7a/4wnv_predict_232.sdf,O=C(C[C@@H](Nc1ccc([N+](=O)[O-])cc1)c1cccc(F)c1)c1ccc(N2CCOCC2)cc1,238.72
/mnt/c/Users/466259/Uni-Mol/unimol_docking_v2/interface/predict_sdf_4k7a/4wnv_predict_208.sdf,CN(C)[C@H]1C[C@@H](C(C)(C)CO)Nc2ccc([N+](=O)[O-])cc21,226.679
/mnt/c/Users/466259/Uni-Mol/unimol_docking_v2/interface/predict_sdf_4k7a/4wnv_predict_258.sdf,CC(C)N1C(=O)[C@]2(C)O[C@](C)(C1=O)[C@H]1C(=O)N(c3ccc(C#N)c(C(F)(F)F)c3)C(=O)[C@H]12,286.616
/mnt/c/Users/466259/Uni-Mol/unimol_docking_v2/interface/predict_sdf_4k7a/4wnv_predict_281.sdf,C[C@]12CN(c3cccc(S(N)(=O)=O)c3)C[C@](C)(O1)[C@@H]1C(=O)N(c3ccc(C#N)c(C(F)(F)F)c3)C(=O)[C@@H]12,259.6
/mnt/c/Users/466259/Uni-Mol/unimol_docking_v2/interface/predict_sdf_4k7a/4wnv_predict_209.sdf,,2.469
/mnt/c/Users/466259/Uni-Mol/unimol_docking_v2/interface/predict_sdf_4k7a/4wnv_predict_233.sdf,O=C(C[C@H](Nc1ccc([N+](=O)[O-])cc1)c1ccc(F)cc1)c1cccc(Cl)c1,153.472
/mnt/c/Users/466259/Uni-Mol/unimol_docking_v2/interface/predict_sdf_4k7a/4wnv_predict_259.sdf,C[C@]12CN(O)C[C@](C)(O1)[C@H]1C(=O)N(c3ccc(C#N)c(C(F)(F)F)c3)C(=O)[C@H]12,84.634
/mnt/c/Users/466259/Uni-Mol/unimol_docking_v2/interface/predict_sdf_4k7a/4wnv_predict_282.sdf,C[C@]12CN(c3cccc(S(C)(=O)=O)c3)C[C@](C)(O1)[C@@H]1C(=O)N(c3ccc(C#N)c(C(F)(F)F)c3)C(=O)[C@@H]12,230.671
/mnt/c/Users/466259/Uni-Mol/unimol_docking_v2/interface/predict_sdf_4k7a/4wnv_predict_21.sdf,CCCCc1ccc(C(=O)N2C[C@H]3C[C@@H]2[C@@H]2C(=O)N(c4ccc(C#N)c(C(F)(F)F)c4)C(=O)N32)cc1,148.037
/mnt/c/Users/466259/Uni-Mol/unimol_docking_v2/interface/predict_sdf_4k7a/4wnv_predict_234.sdf,O=C(C[C@@H](Nc1ccc([N+](=O)[O-])cc1)c1ccc(C(F)(F)F)cc1)c1cccc(F)c1,39.951
/mnt/c/Users/466259/Uni-Mol/unimol_docking_v2/interface/predict_sdf_4k7a/4wnv_predict_235.sdf,O=C1CC[C@]2(Cc3ccccc3)c3ccc(O)cc3CC[C@H]2C1,287.579
/mnt/c/Users/466259/Uni-Mol/unimol_docking_v2/interface/predict_sdf_4k7a/4wnv_predict_210.sdf,CC(C)CNc1cc(CCc2cccc3ccccc23)nc(NCc2cccc3ccccc23)n1,221.836
/mnt/c/Users/466259/Uni-Mol/unimol_docking_v2/interface/predict_sdf_4k7a/4wnv_predict_283.sdf,C[C@]12CN(c3cc(Cl)ncn3)C[C@](C)(O1)[C@H]1C(=O)N(c3ccc(C#N)c(C(F)(F)F)c3)C(=O)[C@H]12,270.198
/mnt/c/Users/466259/Uni-Mol/unimol_docking_v2/interface/predict_sdf_4k7a/4wnv_predict_211.sdf,Cc1ccc(C(=O)C[C@@H](Nc2ccc([N+](=O)[O-])cc2)c2ccsc2)cc1,148.673
/mnt/c/Users/466259/Uni-Mol/unimol_docking_v2/interface/predict_sdf_4k7a/4wnv_predict_236.sdf,N#Cc1cccc(C(=O)C[C@@H](Nc2ccc([N+](=O)[O-])cc2)c2ccc(C(F)(F)F)cc2)c1,8.255
/mnt/c/Users/466259/Uni-Mol/unimol_docking_v2/interface/predict_sdf_4k7a/4wnv_predict_284.sdf,C[C@]12CN(c3ncccn3)C[C@](C)(O1)[C@@H]1C(=O)N(c3ccc(C#N)c(C(F)(F)F)c3)C(=O)[C@@H]12,362.738
/mnt/c/Users/466259/Uni-Mol/unimol_docking_v2/interface/predict_sdf_4k7a/4wnv_predict_260.sdf,CON1C[C@@]2(C)O[C@@](C)(C1)[C@@H]1C(=O)N(c3ccc(C#N)c(C(F)(F)F)c3)C(=O)[C@@H]12,119.225
/mnt/c/Users/466259/Uni-Mol/unimol_docking_v2/interface/predict_sdf_4k7a/4wnv_predict_212.sdf,COc1ccc2c(c1)CCC1=CC(=O)CC[C@@]12Cc1ccccc1,97.393
/mnt/c/Users/466259/Uni-Mol/unimol_docking_v2/interface/predict_sdf_4k7a/4wnv_predict_285.sdf,CCC(CC)(c1ccc(OCC(=O)C(C)(C)C)c(C)c1)c1ccc(OC[C@H](O)CO)c(C)c1,209.469
/mnt/c/Users/466259/Uni-Mol/unimol_docking_v2/interface/predict_sdf_4k7a/4wnv_predict_237.sdf,COc1ccc(C(=O)C[C@@H](Nc2ccc([N+](=O)[O-])cc2)c2ccc(C(F)(F)F)cc2)cc1,192.301
/mnt/c/Users/466259/Uni-Mol/unimol_docking_v2/interface/predict_sdf_4k7a/4wnv_predict_261.sdf,CCCN1C[C@@]2(C)O[C@@](C)(C1)[C@H]1C(=O)N(c3ccc(C#N)c(C(F)(F)F)c3)C(=O)[C@H]12,141.769
/mnt/c/Users/466259/Uni-Mol/unimol_docking_v2/interface/predict_sdf_4k7a/4wnv_predict_213.sdf,N#Cc1ccc(C(=O)C[C@@H](Nc2ccc([N+](=O)[O-])cc2)c2ccsc2)cc1,224.119
/mnt/c/Users/466259/Uni-Mol/unimol_docking_v2/interface/predict_sdf_4k7a/4wnv_predict_286.sdf,CCC(CC)(c1ccc(OC[C@@H](O)CO)c(C)c1)c1ccc(OC[C@@H](O)C(C)(C)C)c(C)c1,169.76
/mnt/c/Users/466259/Uni-Mol/unimol_docking_v2/interface/predict_sdf_4k7a/4wnv_predict_238.sdf,O=C(C[C@H](Nc1ccc([N+](=O)[O-])cc1)c1ccc(C(F)(F)F)cc1)c1ccc(Cl)cc1,52.682
/mnt/c/Users/466259/Uni-Mol/unimol_docking_v2/interface/predict_sdf_4k7a/4wnv_predict_262.sdf,CCC(=O)N1C[C@@]2(C)O[C@@](C)(C1)[C@@H]1C(=O)N(c3ccc(C#N)c(C(F)(F)F)c3)C(=O)[C@@H]12,254.562
/mnt/c/Users/466259/Uni-Mol/unimol_docking_v2/interface/predict_sdf_4k7a/4wnv_predict_214.sdf,Cc1ccc(C(=O)C[C@H](Nc2ccc([N+](=O)[O-])cc2)c2ccccc2)cc1,7.86
/mnt/c/Users/466259/Uni-Mol/unimol_docking_v2/interface/predict_sdf_4k7a/4wnv_predict_287.sdf,CCC(CC)(c1ccc(OC[C@@H](O)CO)c(C)c1)c1ccc(OC[C@@H](O)C(C)(C)C)c(C)c1,64.722
/mnt/c/Users/466259/Uni-Mol/unimol_docking_v2/interface/predict_sdf_4k7a/4wnv_predict_239.sdf,Cc1ccc(C(=O)C[C@H](Nc2ccc([N+](=O)[O-])cc2)C2CCCCC2)cc1,154.78
/mnt/c/Users/466259/Uni-Mol/unimol_docking_v2/interface/predict_sdf_4k7a/4wnv_predict_263.sdf,CC(C)C(=O)N1C[C@@]2(C)O[C@@](C)(C1)[C@@H]1C(=O)N(c3ccc(C#N)c(C(F)(F)F)c3)C(=O)[C@@H]12,379.855
/mnt/c/Users/466259/Uni-Mol/unimol_docking_v2/interface/predict_sdf_4k7a/4wnv_predict_215.sdf,COc1ccc(N[C@@H](CC(=O)c2ccc(C)cc2)c2ccccc2)cc1,105.292
/mnt/c/Users/466259/Uni-Mol/unimol_docking_v2/interface/predict_sdf_4k7a/4wnv_predict_288.sdf,CCC(CC)(c1ccc(OC[C@@H](O)CO)c(C)c1)c1ccc(OC[C@@H](O)C(C)(C)C)c(C)c1,181.746
/mnt/c/Users/466259/Uni-Mol/unimol_docking_v2/interface/predict_sdf_4k7a/4wnv_predict_24.sdf,C=CC[C@@H]1Oc2cccc(OC(F)F)c2-c2ccc3c(c21)C(C)=CC(C)(C)N3,171.727
/mnt/c/Users/466259/Uni-Mol/unimol_docking_v2/interface/predict_sdf_4k7a/4wnv_predict_216.sdf,COc1cc([C@H](CC(=O)c2ccc(C)cc2)Nc2ccc([N+](=O)[O-])cc2)cc(OC)c1OC,111.61
/mnt/c/Users/466259/Uni-Mol/unimol_docking_v2/interface/predict_sdf_4k7a/4wnv_predict_264.sdf,C[C@]12CN(C(=O)C3CC3)C[C@](C)(O1)[C@@H]1C(=O)N(c3ccc(C#N)c(C(F)(F)F)c3)C(=O)[C@@H]12,-0.337
/mnt/c/Users/466259/Uni-Mol/unimol_docking_v2/interface/predict_sdf_4k7a/4wnv_predict_289.sdf,CCC(CC)(c1ccc(OC[C@@H](O)CO)c(C)c1)c1ccc(OC[C@@H](O)C(C)(C)C)c(C)c1,73.411
/mnt/c/Users/466259/Uni-Mol/unimol_docking_v2/interface/predict_sdf_4k7a/4wnv_predict_240.sdf,COc1ccc(C(=O)C[C@@H](Nc2ccc([N+](=O)[O-])cc2)C2CCCCC2)cc1,64.928
/mnt/c/Users/466259/Uni-Mol/unimol_docking_v2/interface/predict_sdf_4k7a/4wnv_predict_217.sdf,COc1cc([C@H](CC(=O)c2cccc(C)c2)Nc2ccc([N+](=O)[O-])cc2)cc(OC)c1OC,95.048
/mnt/c/Users/466259/Uni-Mol/unimol_docking_v2/interface/predict_sdf_4k7a/4wnv_predict_265.sdf,C[C@]12CN(C(=O)c3ccccc3)C[C@](C)(O1)[C@@H]1C(=O)N(c3ccc(C#N)c(C(F)(F)F)c3)C(=O)[C@@H]12,183.978
/mnt/c/Users/466259/Uni-Mol/unimol_docking_v2/interface/predict_sdf_4k7a/4wnv_predict_241.sdf,O=C(C[C@@H](Nc1ccc([N+](=O)[O-])cc1)C1CCCCC1)c1ccc(Br)cc1,280.549
/mnt/c/Users/466259/Uni-Mol/unimol_docking_v2/interface/predict_sdf_4k7a/4wnv_predict_29.sdf,C#C[C@@]1(O)CC[C@H]2[C@@H]3CCC4=CC(=O)CCC4=C3[C@@H](c3ccc(N(C)CCO[C@H]4CC[C@]5(C)[C@H](C4)C[C@H](O)[C@H]4[C@H]6CC[C@@H]([C@H](C)CCC(=O)O)[C@]6(C)[C@@H](O)C[C@@H]45)cc3)C[C@]21C,225.777
/mnt/c/Users/466259/Uni-Mol/unimol_docking_v2/interface/predict_sdf_4k7a/4wnv_predict_218.sdf,COc1cc([C@@H](CC(=O)c2cccc(F)c2)Nc2ccc([N+](=O)[O-])cc2)cc(OC)c1OC,187.341
/mnt/c/Users/466259/Uni-Mol/unimol_docking_v2/interface/predict_sdf_4k7a/4wnv_predict_266.sdf,CCOC(=O)N1C[C@@]2(C)O[C@@](C)(C1)[C@@H]1C(=O)N(c3ccc(C#N)c(C(F)(F)F)c3)C(=O)[C@@H]12,87.13
/mnt/c/Users/466259/Uni-Mol/unimol_docking_v2/interface/predict_sdf_4k7a/4wnv_predict_242.sdf,O=C(C[C@@H](Nc1ccc([N+](=O)[O-])cc1)C1CCCCC1)c1ccc(Cl)cc1,79.432
/mnt/c/Users/466259/Uni-Mol/unimol_docking_v2/interface/predict_sdf_4k7a/4wnv_predict_290.sdf,C=C1CCC(C)(C)[C@@H]1Cc1cc(OC)c(Br)cc1O,218.108
/mnt/c/Users/466259/Uni-Mol/unimol_docking_v2/interface/predict_sdf_4k7a/4wnv_predict_219.sdf,Cc1cccc(C(=O)C[C@@H](Nc2ccc([N+](=O)[O-])cc2)c2cccc(F)c2)c1,193.37
/mnt/c/Users/466259/Uni-Mol/unimol_docking_v2/interface/predict_sdf_4k7a/4wnv_predict_267.sdf,CCCOC(=O)N1C[C@@]2(C)O[C@@](C)(C1)[C@@H]1C(=O)N(c3ccc(C#N)c(C(F)(F)F)c3)C(=O)[C@@H]12,127.927
/mnt/c/Users/466259/Uni-Mol/unimol_docking_v2/interface/predict_sdf_4k7a/4wnv_predict_243.sdf,O=C(C[C@H](Nc1ccc([N+](=O)[O-])cc1)C1CCCCC1)c1ccc(F)cc1,193.129
/mnt/c/Users/466259/Uni-Mol/unimol_docking_v2/interface/predict_sdf_4k7a/4wnv_predict_291.sdf,,80.179
/mnt/c/Users/466259/Uni-Mol/unimol_docking_v2/interface/predict_sdf_4k7a/4wnv_predict_22.sdf,CCCCc1ccc(C(=O)N2C[C@@H]3C[C@H]2[C@H]2C(=O)N(c4ccc([N+](=O)[O-])cc4)C(=O)N32)cc1,75.882
/mnt/c/Users/466259/Uni-Mol/unimol_docking_v2/interface/predict_sdf_4k7a/4wnv_predict_268.sdf,CC#C[C@]1(O)CC[C@H]2[C@@H]3CCC4=CC(=O)CC[C@@]4(Cc4ccc(C)cc4)C3=CC[C@]21C,261.091
/mnt/c/Users/466259/Uni-Mol/unimol_docking_v2/interface/predict_sdf_4k7a/4wnv_predict_292.sdf,,135.327
/mnt/c/Users/466259/Uni-Mol/unimol_docking_v2/interface/predict_sdf_4k7a/4wnv_predict_244.sdf,O=C(C[C@H](Nc1ccc([N+](=O)[O-])cc1)C1CCCCC1)c1cccc(F)c1,-0.516
/mnt/c/Users/466259/Uni-Mol/unimol_docking_v2/interface/predict_sdf_4k7a/4wnv_predict_220.sdf,O=C(C[C@@H](Nc1ccc([N+](=O)[O-])cc1)c1cccc(F)c1)c1cccc(F)c1,110.996
/mnt/c/Users/466259/Uni-Mol/unimol_docking_v2/interface/predict_sdf_4k7a/4wnv_predict_269.sdf,CC(C)OC(=O)N1C[C@@]2(C)O[C@@](C)(C1)[C@@H]1C(=O)N(c3ccc(C#N)c(C(F)(F)F)c3)C(=O)[C@@H]12,242.045
/mnt/c/Users/466259/Uni-Mol/unimol_docking_v2/interface/predict_sdf_4k7a/4wnv_predict_293.sdf,,308.629
/mnt/c/Users/466259/Uni-Mol/unimol_docking_v2/interface/predict_sdf_4k7a/4wnv_predict_245.sdf,COc1cccc(C(=O)C[C@@H](Nc2ccc([N+](=O)[O-])cc2)C2CCCCC2)c1,211.948
/mnt/c/Users/466259/Uni-Mol/unimol_docking_v2/interface/predict_sdf_4k7a/4wnv_predict_221.sdf,Cc1ccc(C(=O)C[C@@H](Nc2ccc([N+](=O)[O-])cc2)c2cccc(F)c2)cc1,146.143
/mnt/c/Users/466259/Uni-Mol/unimol_docking_v2/interface/predict_sdf_4k7a/4wnv_predict_246.sdf,CC#C[C@]1(O)CC[C@]2(Cc3ccccc3)c3ccc(O)cc3CC[C@@H]2C1,53.556
/mnt/c/Users/466259/Uni-Mol/unimol_docking_v2/interface/predict_sdf_4k7a/4wnv_predict_294.sdf,CC[C@@H](C)n1cc(-c2ccc(C#N)cc2)c2ccc(NS(C)(=O)=O)cc21,188.395
/mnt/c/Users/466259/Uni-Mol/unimol_docking_v2/interface/predict_sdf_4k7a/4wnv_predict_222.sdf,O=C(C[C@@H](Nc1ccc([N+](=O)[O-])cc1)c1cccc(F)c1)c1cccc(Cl)c1,41.341
/mnt/c/Users/466259/Uni-Mol/unimol_docking_v2/interface/predict_sdf_4k7a/4wnv_predict_27.sdf,C#C[C@]1(O)CC[C@H]2[C@H]3CCC4=CC(=O)CCC4=C3[C@H](c3ccc(N(C)C(=O)CNC(=O)O[C@H]4CC[C@]5(C)[C@H](C4)C[C@H](O)[C@@H]4[C@@H]5C[C@H](O)[C@]5(C)[C@@H]([C@H](C)CCC(=O)O)CC[C@@H]45)cc3)C[C@]21C,398.937
/mnt/c/Users/466259/Uni-Mol/unimol_docking_v2/interface/predict_sdf_4k7a/4wnv_predict_247.sdf,O=C(C[C@H](Nc1ccc([N+](=O)[O-])cc1)C1CCCCC1)c1ccc(Cl)c(Cl)c1,72.981
/mnt/c/Users/466259/Uni-Mol/unimol_docking_v2/interface/predict_sdf_4k7a/4wnv_predict_295.sdf,CC(C)n1cc(-c2ccc(C#N)c(F)c2)c2ccc(NS(C)(=O)=O)cc21,137.225
/mnt/c/Users/466259/Uni-Mol/unimol_docking_v2/interface/predict_sdf_4k7a/4wnv_predict_223.sdf,CC1=CC(C)(C)Nc2ccc3c(c21)/C(=C/c1ccccc1N(C)C)Oc1ccc(F)cc1-3,247.199
/mnt/c/Users/466259/Uni-Mol/unimol_docking_v2/interface/predict_sdf_4k7a/4wnv_predict_248.sdf,O=C(C[C@H](Nc1ccc([N+](=O)[O-])cc1)C1CCCCC1)c1ccccc1,28.602
/mnt/c/Users/466259/Uni-Mol/unimol_docking_v2/interface/predict_sdf_4k7a/4wnv_predict_270.sdf,CCNC(=O)N1C[C@@]2(C)O[C@@](C)(C1)[C@@H]1C(=O)N(c3ccc(C#N)c(C(F)(F)F)c3)C(=O)[C@@H]12,97.921
/mnt/c/Users/466259/Uni-Mol/unimol_docking_v2/interface/predict_sdf_4k7a/4wnv_predict_296.sdf,COc1cc(-c2cn(C(C)C)c3cc(NS(C)(=O)=O)ccc23)ccc1C#N,84.834
/mnt/c/Users/466259/Uni-Mol/unimol_docking_v2/interface/predict_sdf_4k7a/4wnv_predict_224.sdf,Oc1ccc2c(c1)CC[C@@H]1C[C@@](O)(C#CCl)CC[C@]21Cc1ccccc1,190.122
/mnt/c/Users/466259/Uni-Mol/unimol_docking_v2/interface/predict_sdf_4k7a/4wnv_predict_249.sdf,Cc1ccc(C(=O)C[C@H](Nc2cccc([N+](=O)[O-])c2)c2cccc(F)c2)cc1,226.054
/mnt/c/Users/466259/Uni-Mol/unimol_docking_v2/interface/predict_sdf_4k7a/4wnv_predict_271.sdf,CC(C)NC(=O)N1C[C@@]2(C)O[C@@](C)(C1)[C@@H]1C(=O)N(c3ccc(C#N)c(C(F)(F)F)c3)C(=O)[C@@H]12,282.201
/mnt/c/Users/466259/Uni-Mol/unimol_docking_v2/interface/predict_sdf_4k7a/4wnv_predict_297.sdf,Cc1cc(-c2cn(C(C)C)c3cc(NS(C)(=O)=O)ccc23)ccc1C#N,149.749
/mnt/c/Users/466259/Uni-Mol/unimol_docking_v2/interface/predict_sdf_4k7a/4wnv_predict_300.sdf,,190.327
/mnt/c/Users/466259/Uni-Mol/unimol_docking_v2/interface/predict_sdf_4k7a/4wnv_predict_25.sdf,C#C[C@]1(O)CC[C@@H]2[C@@H]3CCC4=CC(=O)CCC4=C3[C@H](c3ccc(N(C)C(C)=O)cc3)C[C@@]21C,139.468
/mnt/c/Users/466259/Uni-Mol/unimol_docking_v2/interface/predict_sdf_4k7a/4wnv_predict_298.sdf,CCn1cc(-c2ccc(C#N)cc2)c2ccc(NS(C)(=O)=O)cc21,153.062
/mnt/c/Users/466259/Uni-Mol/unimol_docking_v2/interface/predict_sdf_4k7a/4wnv_predict_301.sdf,C=C1C[C@@H](CO)CC(C)(C)[C@H]1Cc1cc(OC)c(Br)cc1O,14.003
/mnt/c/Users/466259/Uni-Mol/unimol_docking_v2/interface/predict_sdf_4k7a/4wnv_predict_326.sdf,CS(=O)(=O)Nc1cccc(C=C2c3ccccc3CCc3ccccc32)c1,126.839
/mnt/c/Users/466259/Uni-Mol/unimol_docking_v2/interface/predict_sdf_4k7a/4wnv_predict_273.sdf,C[C@]12CN(C(=O)Nc3ccc(F)cc3)C[C@](C)(O1)[C@@H]1C(=O)N(c3ccc(C#N)c(C(F)(F)F)c3)C(=O)[C@@H]12,200.087
/mnt/c/Users/466259/Uni-Mol/unimol_docking_v2/interface/predict_sdf_4k7a/4wnv_predict_299.sdf,,72.358
/mnt/c/Users/466259/Uni-Mol/unimol_docking_v2/interface/predict_sdf_4k7a/4wnv_predict_302.sdf,,114.905
/mnt/c/Users/466259/Uni-Mol/unimol_docking_v2/interface/predict_sdf_4k7a/4wnv_predict_327.sdf,C/C(=C1/c2ccccc2COc2ccccc21)c1cccc(NS(C)(=O)=O)c1,116.198
/mnt/c/Users/466259/Uni-Mol/unimol_docking_v2/interface/predict_sdf_4k7a/4wnv_predict_274.sdf,C[C@]12CN(S(C)(=O)=O)C[C@](C)(O1)[C@@H]1C(=O)N(c3ccc(C#N)c(C(F)(F)F)c3)C(=O)[C@@H]12,218.854
/mnt/c/Users/466259/Uni-Mol/unimol_docking_v2/interface/predict_sdf_4k7a/4wnv_predict_3.sdf,Cc1cc(N2C(=O)[C@@H]3[C@H](C2=O)[C@H]2C=C[C@@H]3CC2)ccc1Br,48.354
/mnt/c/Users/466259/Uni-Mol/unimol_docking_v2/interface/predict_sdf_4k7a/4wnv_predict_303.sdf,Cc1c(N[C@@H](c2nnc(-c3ccc(C#N)cc3)o2)[C@H](C)O)ccc(C#N)c1Cl,48.906
/mnt/c/Users/466259/Uni-Mol/unimol_docking_v2/interface/predict_sdf_4k7a/4wnv_predict_328.sdf,CC/C(=C1/c2ccccc2COc2ccccc21)c1cccc(NS(C)(=O)=O)c1,167.593
/mnt/c/Users/466259/Uni-Mol/unimol_docking_v2/interface/predict_sdf_4k7a/4wnv_predict_275.sdf,CCS(=O)(=O)N1C[C@@]2(C)O[C@@](C)(C1)[C@@H]1C(=O)N(c3ccc(C#N)c(C(F)(F)F)c3)C(=O)[C@@H]12,304.555
/mnt/c/Users/466259/Uni-Mol/unimol_docking_v2/interface/predict_sdf_4k7a/4wnv_predict_304.sdf,,129.49
/mnt/c/Users/466259/Uni-Mol/unimol_docking_v2/interface/predict_sdf_4k7a/4wnv_predict_329.sdf,CC/C(=C1\c2ccccc2OCc2cccc(OC)c21)c1cccc(NS(C)(=O)=O)c1,140.801
/mnt/c/Users/466259/Uni-Mol/unimol_docking_v2/interface/predict_sdf_4k7a/4wnv_predict_351.sdf,,297.045
/mnt/c/Users/466259/Uni-Mol/unimol_docking_v2/interface/predict_sdf_4k7a/4wnv_predict_305.sdf,,160.421
/mnt/c/Users/466259/Uni-Mol/unimol_docking_v2/interface/predict_sdf_4k7a/4wnv_predict_377.sdf,C=C1C=C(C)C[C@H](C)[C@H]1Cc1cc(OC)c(Br)cc1OC(C)=O,35.724
/mnt/c/Users/466259/Uni-Mol/unimol_docking_v2/interface/predict_sdf_4k7a/4wnv_predict_352.sdf,,24.303
/mnt/c/Users/466259/Uni-Mol/unimol_docking_v2/interface/predict_sdf_4k7a/4wnv_predict_378.sdf,CCCCc1ccc(OC(=O)N2C[C@@H]3C[C@H]2[C@H]2C(=O)N(c4ccc([N+](=O)[O-])c5ccccc45)C(=O)N32)cc1,187.284
/mnt/c/Users/466259/Uni-Mol/unimol_docking_v2/interface/predict_sdf_4k7a/4wnv_predict_306.sdf,,214.977
/mnt/c/Users/466259/Uni-Mol/unimol_docking_v2/interface/predict_sdf_4k7a/4wnv_predict_330.sdf,CC1=CC(C)(C)Nc2ccc3c(c21)/C(=C\c1ccccc1)Oc1c(F)cccc1-3,330.713
/mnt/c/Users/466259/Uni-Mol/unimol_docking_v2/interface/predict_sdf_4k7a/4wnv_predict_353.sdf,,148.968
/mnt/c/Users/466259/Uni-Mol/unimol_docking_v2/interface/predict_sdf_4k7a/4wnv_predict_379.sdf,C[C@]12O[C@](C)(C[C@@H]1O)[C@H]1C(=O)N(c3ccc(C#N)c(I)c3)C(=O)[C@H]12,269.33
/mnt/c/Users/466259/Uni-Mol/unimol_docking_v2/interface/predict_sdf_4k7a/4wnv_predict_307.sdf,,256.677
/mnt/c/Users/466259/Uni-Mol/unimol_docking_v2/interface/predict_sdf_4k7a/4wnv_predict_331.sdf,C=C1CCCC(C)(C)[C@@H]1Cc1cc(OC)c(Br)cc1O,121.376
/mnt/c/Users/466259/Uni-Mol/unimol_docking_v2/interface/predict_sdf_4k7a/4wnv_predict_354.sdf,,61.305
/mnt/c/Users/466259/Uni-Mol/unimol_docking_v2/interface/predict_sdf_4k7a/4wnv_predict_308.sdf,,149.685
/mnt/c/Users/466259/Uni-Mol/unimol_docking_v2/interface/predict_sdf_4k7a/4wnv_predict_332.sdf,C=C1C=C(C)CC(C)(C)[C@@H]1Cc1cc(OC)c(Br)cc1OC(C)=O,128.047
/mnt/c/Users/466259/Uni-Mol/unimol_docking_v2/interface/predict_sdf_4k7a/4wnv_predict_355.sdf,,103.415
/mnt/c/Users/466259/Uni-Mol/unimol_docking_v2/interface/predict_sdf_4k7a/4wnv_predict_38.sdf,C#C[C@]1(O)CC[C@@H]2[C@H]3CCC4=CC(=O)CCC4=C3[C@@H](c3ccc(N(C)C(=O)CNC(=O)O[C@H]4C[C@@H]5C[C@H](O)CC[C@]5(C)[C@H]5C[C@H](O)[C@]6(C)[C@H](CC[C@@H]6[C@H](C)CCC(=O)O)[C@H]45)cc3)C[C@@]21C,426.003
/mnt/c/Users/466259/Uni-Mol/unimol_docking_v2/interface/predict_sdf_4k7a/4wnv_predict_333.sdf,C=C1C=C(C)CC(C)(C)[C@H]1Cc1ccc([N+](=O)[O-])c(C)c1,80.683
/mnt/c/Users/466259/Uni-Mol/unimol_docking_v2/interface/predict_sdf_4k7a/4wnv_predict_309.sdf,,250.826
/mnt/c/Users/466259/Uni-Mol/unimol_docking_v2/interface/predict_sdf_4k7a/4wnv_predict_356.sdf,,85.075
/mnt/c/Users/466259/Uni-Mol/unimol_docking_v2/interface/predict_sdf_4k7a/4wnv_predict_380.sdf,CNC(=O)[C@@]12C(=O)N(c3ccc(C#N)c(C(F)(F)F)c3)C(=O)[C@@H]1[C@H]1C[C@@H]2[C@@H](F)C1,91.744
/mnt/c/Users/466259/Uni-Mol/unimol_docking_v2/interface/predict_sdf_4k7a/4wnv_predict_334.sdf,CNC(=O)c1ccc(N2C(=S)N(c3ccc(C#N)c(C(F)(F)F)c3)C(=O)[C@@]2(C)COC)cc1F,142.427
/mnt/c/Users/466259/Uni-Mol/unimol_docking_v2/interface/predict_sdf_4k7a/4wnv_predict_357.sdf,,196.325
/mnt/c/Users/466259/Uni-Mol/unimol_docking_v2/interface/predict_sdf_4k7a/4wnv_predict_381.sdf,CCS(=O)(=O)N[C@H]1C[C@@]2(C)O[C@]1(C)[C@@H]1C(=O)N(c3ccc(C#N)c(C(F)(F)F)c3)C(=O)[C@@H]12,84.739
/mnt/c/Users/466259/Uni-Mol/unimol_docking_v2/interface/predict_sdf_4k7a/4wnv_predict_31.sdf,C#C[C@@]1(O)CC[C@H]2[C@H]3CCC4=CC(=O)CCC4=C3[C@H](c3ccc(N(C)CCNC(=O)N(C)[C@H]4CC[C@]5(C)[C@H](C4)C[C@@H](O)[C@H]4[C@@H]5C[C@@H](O)[C@]5(C)[C@@H]([C@@H](C)CCC(=O)O)CC[C@@H]45)cc3)C[C@]21C,156.84
/mnt/c/Users/466259/Uni-Mol/unimol_docking_v2/interface/predict_sdf_4k7a/4wnv_predict_335.sdf,CNC(=O)c1ccc(N2C(=S)N(c3ccc(C#N)c(C(F)(F)F)c3)C(=O)C23CCOCC3)cc1F,185.837
/mnt/c/Users/466259/Uni-Mol/unimol_docking_v2/interface/predict_sdf_4k7a/4wnv_predict_382.sdf,COc1cc(C[C@H]2C(C)(C)CC(C)=CC23CC3)c(OC(C)=O)cc1Br,91.465
/mnt/c/Users/466259/Uni-Mol/unimol_docking_v2/interface/predict_sdf_4k7a/4wnv_predict_358.sdf,C=C1C[C@H](C)CC(C)(C)[C@@H]1Cc1cc(OC)c(Br)cc1O,175.197
/mnt/c/Users/466259/Uni-Mol/unimol_docking_v2/interface/predict_sdf_4k7a/4wnv_predict_310.sdf,,151.247
/mnt/c/Users/466259/Uni-Mol/unimol_docking_v2/interface/predict_sdf_4k7a/4wnv_predict_336.sdf,C=C1CC[C@@H](O)CC1=C/C=C1\CCC[C@]2(C)[C@@H]1CC[C@@H]2[C@H](C)C=C[C@H](C)C(C)C,358.536
/mnt/c/Users/466259/Uni-Mol/unimol_docking_v2/interface/predict_sdf_4k7a/4wnv_predict_383.sdf,CC(=O)O[C@]1(C(C)=O)CC[C@H]2[C@H]3C[C@@H](C)C4=CC(=O)CC[C@]4(C)[C@H]3CC[C@]21C,12.079
/mnt/c/Users/466259/Uni-Mol/unimol_docking_v2/interface/predict_sdf_4k7a/4wnv_predict_359.sdf,,117.901
/mnt/c/Users/466259/Uni-Mol/unimol_docking_v2/interface/predict_sdf_4k7a/4wnv_predict_311.sdf,C[C@](O)(CS(=O)(=O)c1cccc2ccccc12)C(=O)Nc1ccc(C#N)c(C(F)(F)F)c1,255.194
/mnt/c/Users/466259/Uni-Mol/unimol_docking_v2/interface/predict_sdf_4k7a/4wnv_predict_337.sdf,N#Cc1ccc(N2C(=O)[C@]3(CCOC3)N(c3ccc(C(N)=O)c(F)c3)C2=S)cc1C(F)(F)F,344.237
/mnt/c/Users/466259/Uni-Mol/unimol_docking_v2/interface/predict_sdf_4k7a/4wnv_predict_384.sdf,C=C1[C@H](Cc2cc(OC)c(Br)cc2O)C(C)(C)CC[C@@]1(C)O,42.925
/mnt/c/Users/466259/Uni-Mol/unimol_docking_v2/interface/predict_sdf_4k7a/4wnv_predict_312.sdf,C=C1C=C(C)CC(C)(C)[C@@]1(O)Cc1ccc([N+](=O)[O-])cc1,13.857
/mnt/c/Users/466259/Uni-Mol/unimol_docking_v2/interface/predict_sdf_4k7a/4wnv_predict_385.sdf,C=C1CCC[C@@H](C)[C@H]1Cc1cc(OC)c(Br)cc1O,-1.398
/mnt/c/Users/466259/Uni-Mol/unimol_docking_v2/interface/predict_sdf_4k7a/4wnv_predict_36.sdf,C#C[C@@]1(O)CC[C@H]2[C@H]3CCC4=CC(=O)CCC4=C3[C@H](c3ccc(N(C)CCOCCO[C@@H]4CC[C@]5(C)[C@H](C4)C[C@H](O)[C@@H]4[C@@H]5C[C@H](O)[C@@]5(C)[C@@H]([C@H](C)CCC(=O)O)CC[C@@H]45)cc3)C[C@]21C,397.139
/mnt/c/Users/466259/Uni-Mol/unimol_docking_v2/interface/predict_sdf_4k7a/4wnv_predict_338.sdf,COC(=O)c1ccc(N2C(=S)N(c3ccc(C#N)c(C(F)(F)F)c3)C(=O)[C@@]23CCOC3)cc1F,142.712
/mnt/c/Users/466259/Uni-Mol/unimol_docking_v2/interface/predict_sdf_4k7a/4wnv_predict_386.sdf,C=C1C=C(C)CC(C)(C)[C@H]1Cc1cc(OC)c(Br)cc1O,39.135
/mnt/c/Users/466259/Uni-Mol/unimol_docking_v2/interface/predict_sdf_4k7a/4wnv_predict_360.sdf,,188.049
/mnt/c/Users/466259/Uni-Mol/unimol_docking_v2/interface/predict_sdf_4k7a/4wnv_predict_339.sdf,CNC(=O)c1ccc(N2C(=S)N(c3ccc(C#N)c(C(F)(F)F)c3)C(=O)[C@@]23CCOC3)cc1F,349.609
/mnt/c/Users/466259/Uni-Mol/unimol_docking_v2/interface/predict_sdf_4k7a/4wnv_predict_387.sdf,C=C1C(C)=CCC(C)(C)[C@H]1Cc1cc(OC)c(Br)cc1OC(C)=O,164.185
/mnt/c/Users/466259/Uni-Mol/unimol_docking_v2/interface/predict_sdf_4k7a/4wnv_predict_314.sdf,C[C@@](O)(CS(=O)(=O)c1ccccc1-c1ccccc1)C(=O)Nc1ccc(C#N)c(C(F)(F)F)c1,64.834
/mnt/c/Users/466259/Uni-Mol/unimol_docking_v2/interface/predict_sdf_4k7a/4wnv_predict_361.sdf,,32.383
/mnt/c/Users/466259/Uni-Mol/unimol_docking_v2/interface/predict_sdf_4k7a/4wnv_predict_388.sdf,C=C1C=C(C)[C@H](Cc2cc(OC)c(Br)cc2O)C(C)(C)C1,89.177
/mnt/c/Users/466259/Uni-Mol/unimol_docking_v2/interface/predict_sdf_4k7a/4wnv_predict_34.sdf,C#C[C@@]1(O)CC[C@H]2[C@H]3CCC4=CC(=O)CCC4=C3[C@@H](c3ccc(N(C)CCOCCO[C@@H]4CC[C@]5(C)[C@H](C4)C[C@@H](O)[C@@H]4[C@H]5C[C@H](O)[C@]5(C)[C@H]4CC[C@H]5[C@H](C)CCC(=O)O)cc3)C[C@]21C,362.495
/mnt/c/Users/466259/Uni-Mol/unimol_docking_v2/interface/predict_sdf_4k7a/4wnv_predict_315.sdf,CC(C)(C(=O)Nc1nccs1)[C@@H](c1ccccc1)c1ccc(O)cc1,72.034
/mnt/c/Users/466259/Uni-Mol/unimol_docking_v2/interface/predict_sdf_4k7a/4wnv_predict_362.sdf,,163.119
/mnt/c/Users/466259/Uni-Mol/unimol_docking_v2/interface/predict_sdf_4k7a/4wnv_predict_389.sdf,CCCC[C@H]1Oc2ccc(C)cc2-c2ccc3c(c21)C(C)=CC(C)(C)N3,185.918
/mnt/c/Users/466259/Uni-Mol/unimol_docking_v2/interface/predict_sdf_4k7a/4wnv_predict_340.sdf,CNC(=O)c1ccc(N2C(=S)N(c3ccc(C#N)c(C(F)(F)F)c3)C(=O)[C@@]23CCOC3)cc1F,171.052
/mnt/c/Users/466259/Uni-Mol/unimol_docking_v2/interface/predict_sdf_4k7a/4wnv_predict_363.sdf,,21.512
/mnt/c/Users/466259/Uni-Mol/unimol_docking_v2/interface/predict_sdf_4k7a/4wnv_predict_316.sdf,CC(C)(C(=O)Nc1nccs1)[C@@H](c1ccccc1)c1ccc(O)c(F)c1,134.405
/mnt/c/Users/466259/Uni-Mol/unimol_docking_v2/interface/predict_sdf_4k7a/4wnv_predict_364.sdf,,122.014
/mnt/c/Users/466259/Uni-Mol/unimol_docking_v2/interface/predict_sdf_4k7a/4wnv_predict_317.sdf,CC(C)(C(=O)Nc1nccs1)[C@@H](c1ccccc1)c1ccc(O)c(Br)c1,88.437
/mnt/c/Users/466259/Uni-Mol/unimol_docking_v2/interface/predict_sdf_4k7a/4wnv_predict_341.sdf,CNC(=O)c1ccc(N2C(=S)N(c3cnc(C#N)c(C(F)(F)F)c3)C(=O)C23CCC3)cc1F,141.043
/mnt/c/Users/466259/Uni-Mol/unimol_docking_v2/interface/predict_sdf_4k7a/4wnv_predict_365.sdf,,50.376
/mnt/c/Users/466259/Uni-Mol/unimol_docking_v2/interface/predict_sdf_4k7a/4wnv_predict_390.sdf,CCCC[C@@H]1Oc2ccc(OC)cc2-c2ccc3c(c21)C(C)=CC(C)(C)N3,124.883
/mnt/c/Users/466259/Uni-Mol/unimol_docking_v2/interface/predict_sdf_4k7a/4wnv_predict_318.sdf,CC(C)(C(=O)Nc1nncs1)[C@H](c1ccccc1)c1ccc(O)c(F)c1,54.348
/mnt/c/Users/466259/Uni-Mol/unimol_docking_v2/interface/predict_sdf_4k7a/4wnv_predict_342.sdf,CNC(=O)c1ccc(N2C(=S)N(c3ccc(C#N)c(C(F)(F)F)c3)C(=O)[C@]2(C)CO)cc1F,88.131
/mnt/c/Users/466259/Uni-Mol/unimol_docking_v2/interface/predict_sdf_4k7a/4wnv_predict_366.sdf,C=C1CCC[C@@H](C)[C@H]1Cc1cc(OC)c(Br)cc1O,159.499
/mnt/c/Users/466259/Uni-Mol/unimol_docking_v2/interface/predict_sdf_4k7a/4wnv_predict_391.sdf,CCCC[C@@H]1Oc2ccc(F)cc2-c2ccc3c(c21)C(C)=CC(C)(C)N3,81.167
/mnt/c/Users/466259/Uni-Mol/unimol_docking_v2/interface/predict_sdf_4k7a/4wnv_predict_319.sdf,CC(C)(C(=O)Nc1nccs1)[C@H]1c2ccccc2Oc2cc(O)ccc21,159.877
/mnt/c/Users/466259/Uni-Mol/unimol_docking_v2/interface/predict_sdf_4k7a/4wnv_predict_367.sdf,C=C1C=C(C)CC(C)(C)[C@@H]1C/C=C\c1cc(OC)c(Br)cc1O,33.548
/mnt/c/Users/466259/Uni-Mol/unimol_docking_v2/interface/predict_sdf_4k7a/4wnv_predict_392.sdf,CC1=CC(C)(C)Nc2ccc3c(c21)[C@@H](C)Oc1ccc(Cl)cc1-3,228.443
/mnt/c/Users/466259/Uni-Mol/unimol_docking_v2/interface/predict_sdf_4k7a/4wnv_predict_343.sdf,CNC(=O)c1ccc(N2C(=S)N(c3ccc(C#N)c(C(F)(F)F)c3)C(=O)[C@H]2C)cc1F,306.279
/mnt/c/Users/466259/Uni-Mol/unimol_docking_v2/interface/predict_sdf_4k7a/4wnv_predict_393.sdf,CCCC[C@@H]1Oc2ccc(Cl)cc2-c2ccc3c(c21)C(C)=CC(C)(C)N3,136.831
/mnt/c/Users/466259/Uni-Mol/unimol_docking_v2/interface/predict_sdf_4k7a/4wnv_predict_368.sdf,C[C@@](O)(CN1CCc2cc(Cl)c(F)cc21)C(=O)Nc1ccc(C#N)c(C(F)(F)F)c1,96.861
/mnt/c/Users/466259/Uni-Mol/unimol_docking_v2/interface/predict_sdf_4k7a/4wnv_predict_32.sdf,C#C[C@]1(O)CC[C@@H]2[C@H]3CCC4=CC(=O)CCC4=C3[C@H](c3ccc(N(C)CCCS(=O)(=O)N(C)[C@H]4CC[C@]5(C)[C@@H](C4)C[C@@H](O)[C@@H]4[C@H]5C[C@H](O)[C@@]5(C)[C@@H]4CC[C@@H]5[C@@H](C)CCC(=O)O)cc3)C[C@@]21C,375.842
/mnt/c/Users/466259/Uni-Mol/unimol_docking_v2/interface/predict_sdf_4k7a/4wnv_predict_344.sdf,CNC(=O)c1ccc(N2C(=S)N(c3ccc(C#N)c(C(F)(F)F)c3)C(=O)[C@@H]2C)cc1F,180.78
/mnt/c/Users/466259/Uni-Mol/unimol_docking_v2/interface/predict_sdf_4k7a/4wnv_predict_394.sdf,CC1=CC(C)(C)Nc2ccc3c(c21)/C(=C\c1ccccc1C)Oc1c(F)cccc1-3,245.48
/mnt/c/Users/466259/Uni-Mol/unimol_docking_v2/interface/predict_sdf_4k7a/4wnv_predict_369.sdf,C[C@@](O)(Cn1ccc2c(-c3ccccc3)cccc21)C(=O)Nc1ccc(C#N)c(C(F)(F)F)c1,154.192
/mnt/c/Users/466259/Uni-Mol/unimol_docking_v2/interface/predict_sdf_4k7a/4wnv_predict_320.sdf,CC(C)(C(=O)Nc1nncs1)[C@H]1c2ccccc2Oc2cc(O)ccc21,43.35
/mnt/c/Users/466259/Uni-Mol/unimol_docking_v2/interface/predict_sdf_4k7a/4wnv_predict_345.sdf,CNC(=O)c1ccc(N2CCC(=O)N(c3ccc(C#N)c(C(F)(F)F)c3)C2=S)cc1F,111.814
/mnt/c/Users/466259/Uni-Mol/unimol_docking_v2/interface/predict_sdf_4k7a/4wnv_predict_395.sdf,CC1=CC(C)(C)Nc2ccc3c(c21)[C@H](C)Oc1ccc(F)cc1-3,181.414
/mnt/c/Users/466259/Uni-Mol/unimol_docking_v2/interface/predict_sdf_4k7a/4wnv_predict_321.sdf,,441.922
/mnt/c/Users/466259/Uni-Mol/unimol_docking_v2/interface/predict_sdf_4k7a/4wnv_predict_396.sdf,CC1=CC(C)(C)Nc2ccc3c(c21)[C@H](CCC(C)C)Oc1ccccc1-3,99.834
/mnt/c/Users/466259/Uni-Mol/unimol_docking_v2/interface/predict_sdf_4k7a/4wnv_predict_37.sdf,C#C[C@@]1(O)CC[C@@H]2[C@H]3CCC4=CC(=O)CCC4=C3[C@H](c3ccc(N(C)CCC[C@H]4[C@H](O)CC[C@]5(C)[C@H]4C[C@@H](O)[C@@H]4[C@H]6CC[C@@H]([C@H](C)CCC(=O)O)[C@@]6(C)[C@@H](O)C[C@@H]45)cc3)C[C@@]21C,229.159
/mnt/c/Users/466259/Uni-Mol/unimol_docking_v2/interface/predict_sdf_4k7a/4wnv_predict_346.sdf,CNC(=O)c1ccc(N2C(=S)N(c3ccc(C#N)c(C(F)(F)F)c3)C(=O)C2(COC)COC)cc1F,216.927
/mnt/c/Users/466259/Uni-Mol/unimol_docking_v2/interface/predict_sdf_4k7a/4wnv_predict_397.sdf,CCCO[C@H]1Oc2ccc(Cl)cc2-c2ccc3c(c21)C(C)=CC(C)(C)N3,197.636
/mnt/c/Users/466259/Uni-Mol/unimol_docking_v2/interface/predict_sdf_4k7a/4wnv_predict_322.sdf,CC(=O)N1CCN(CCOc2ccc(C3CCN(C4=Nn5c(nnc5C(F)(F)F)CC4)CC3)cc2)CC1,212.393
/mnt/c/Users/466259/Uni-Mol/unimol_docking_v2/interface/predict_sdf_4k7a/4wnv_predict_347.sdf,C=C1C=CCC(C)(C)[C@@H]1Cc1cc(OC)c(Br)cc1O,146.953
/mnt/c/Users/466259/Uni-Mol/unimol_docking_v2/interface/predict_sdf_4k7a/4wnv_predict_370.sdf,,147.437
/mnt/c/Users/466259/Uni-Mol/unimol_docking_v2/interface/predict_sdf_4k7a/4wnv_predict_398.sdf,CCCC[C@H]1Oc2ccccc2-c2ccc3c(c21)C(C)=CC(C)(C)N3,141.156
/mnt/c/Users/466259/Uni-Mol/unimol_docking_v2/interface/predict_sdf_4k7a/4wnv_predict_323.sdf,C=C1C[C@H](C)C[C@H](C)[C@@H]1Cc1cc(OC)c(Br)cc1O,103.53
/mnt/c/Users/466259/Uni-Mol/unimol_docking_v2/interface/predict_sdf_4k7a/4wnv_predict_371.sdf,C[C@@](O)(COc1ccc(C#N)cc1)C(=O)Nc1ccc(C#N)c(I)c1,189.972
/mnt/c/Users/466259/Uni-Mol/unimol_docking_v2/interface/predict_sdf_4k7a/4wnv_predict_348.sdf,CCOC(=O)C[C@@]1(C)C(=O)N(c2ccc(C#N)c(C(F)(F)F)c2)C(=S)N1c1ccc(C(=O)NC)c(F)c1,197.042
/mnt/c/Users/466259/Uni-Mol/unimol_docking_v2/interface/predict_sdf_4k7a/4wnv_predict_399.sdf,CC1=CC(C)(C)Nc2ccc3c(c21)/C(=C\c1cc(F)ccc1F)Oc1ccccc1-3,192.297
/mnt/c/Users/466259/Uni-Mol/unimol_docking_v2/interface/predict_sdf_4k7a/4wnv_predict_324.sdf,C[C@H](C(=O)Nc1nncs1)[C@@H](c1ccccc1)c1ccc2c(cnn2-c2ccc(F)cc2)c1,284.661
/mnt/c/Users/466259/Uni-Mol/unimol_docking_v2/interface/predict_sdf_4k7a/4wnv_predict_349.sdf,CNC(=O)c1ccc(N2C(=S)N(c3ccc(C#N)c(C(F)(F)F)c3)C(=O)[C@@]2(C)COCc2ccccc2)cc1F,307.71
/mnt/c/Users/466259/Uni-Mol/unimol_docking_v2/interface/predict_sdf_4k7a/4wnv_predict_325.sdf,CCC[C@@H](c1ccc2c(cnn2-c2ccc(F)cc2)c1)C(C)(C)C(=O)Nc1nncs1,115.54
/mnt/c/Users/466259/Uni-Mol/unimol_docking_v2/interface/predict_sdf_4k7a/4wnv_predict_4.sdf,C#C[C@@]1(O)CC[C@@H]2[C@@H]3CCC4=CC(=O)CCC4=C3[C@H](c3ccc(N(C)CCO[C@@H]4CC[C@]5(C)[C@H](C4)C[C@@H](O)[C@H]4[C@H]5C[C@H](O)[C@]5(C)[C@@H]4CC[C@@H]5[C@H](C)CCC(=O)NCC(=O)O)cc3)C[C@@]21C,407.654
/mnt/c/Users/466259/Uni-Mol/unimol_docking_v2/interface/predict_sdf_4k7a/4wnv_predict_373.sdf,,137.126
/mnt/c/Users/466259/Uni-Mol/unimol_docking_v2/interface/predict_sdf_4k7a/4wnv_predict_35.sdf,C=CC[C@H]1Oc2cccc(SC)c2-c2ccc3c(c21)C(C)=CC(C)(C)N3,-2.299
/mnt/c/Users/466259/Uni-Mol/unimol_docking_v2/interface/predict_sdf_4k7a/4wnv_predict_40.sdf,C/C=C1\C(=O)C[C@@H]2[C@H]3CCC4=CC(=O)CC[C@@]4(C)[C@H]3CC[C@]12C,90.218
/mnt/c/Users/466259/Uni-Mol/unimol_docking_v2/interface/predict_sdf_4k7a/4wnv_predict_374.sdf,,332.22
/mnt/c/Users/466259/Uni-Mol/unimol_docking_v2/interface/predict_sdf_4k7a/4wnv_predict_401.sdf,C[C@](O)(CBr)C(=O)Nc1ccc([N+](=O)[O-])c(C(F)(F)F)c1,99.111
/mnt/c/Users/466259/Uni-Mol/unimol_docking_v2/interface/predict_sdf_4k7a/4wnv_predict_350.sdf,CNC(=O)c1ccc(N2C(=S)N(c3ccc(C#N)c(C(F)(F)F)c3)C(=O)[C@@]2(C)COC)cc1F,157.135
/mnt/c/Users/466259/Uni-Mol/unimol_docking_v2/interface/predict_sdf_4k7a/4wnv_predict_400.sdf,CC1=CC(C)(C)Nc2ccc3c(c21)/C(=C/c1ccccc1)Oc1ccccc1-3,328.35
/mnt/c/Users/466259/Uni-Mol/unimol_docking_v2/interface/predict_sdf_4k7a/4wnv_predict_375.sdf,N#Cc1ccc(N2CCC[C@H]2[C@H](O)C(F)(F)F)cc1C(F)(F)F,29.09
/mnt/c/Users/466259/Uni-Mol/unimol_docking_v2/interface/predict_sdf_4k7a/4wnv_predict_427.sdf,C=CC[C@H]1Oc2cccc(OC)c2-c2ccc3c(c21)C(C)=CC(C)(C)N3,268.382
/mnt/c/Users/466259/Uni-Mol/unimol_docking_v2/interface/predict_sdf_4k7a/4wnv_predict_402.sdf,C[C@](O)(CBr)C(=O)Nc1ccc(N)c(C(F)(F)F)c1,1.222
/mnt/c/Users/466259/Uni-Mol/unimol_docking_v2/interface/predict_sdf_4k7a/4wnv_predict_59.sdf,O=C1[C@H]2C[C@H](O)CN2C(=O)N1c1ccc([N+](=O)[O-])c2ccccc12,116.549
/mnt/c/Users/466259/Uni-Mol/unimol_docking_v2/interface/predict_sdf_4k7a/4wnv_predict_428.sdf,O=C1[C@@H]2[C@H](C(=O)N1c1ccc([N+](=O)[O-])cc1)[C@@H]1C=C[C@H]2C1,97.706
/mnt/c/Users/466259/Uni-Mol/unimol_docking_v2/interface/predict_sdf_4k7a/4wnv_predict_376.sdf,Cc1c(N[C@@H](c2ccc(-c3ccc(C#N)cc3)o2)[C@@H](C)O)ccc(C#N)c1Cl,231.549
/mnt/c/Users/466259/Uni-Mol/unimol_docking_v2/interface/predict_sdf_4k7a/4wnv_predict_403.sdf,CC1=CC(C)(C)Nc2ccc3c(c21)/C(=C\c1cccc(F)c1)Oc1ccccc1-3,360.467
/mnt/c/Users/466259/Uni-Mol/unimol_docking_v2/interface/predict_sdf_4k7a/4wnv_predict_429.sdf,O=C1[C@@H]2[C@H](C(=O)N1c1cccc(C(F)(F)F)c1)[C@@H]1C=C[C@H]2C1,59.741
/mnt/c/Users/466259/Uni-Mol/unimol_docking_v2/interface/predict_sdf_4k7a/4wnv_predict_404.sdf,CC1=CC(C)(C)Nc2ccc3c(c21)/C(=C\c1ccccc1C)Oc1ccccc1-3,94.666
/mnt/c/Users/466259/Uni-Mol/unimol_docking_v2/interface/predict_sdf_4k7a/4wnv_predict_84.sdf,COc1c(O)ccc2c1-c1ccc3c(c1/C(=C/c1sccc1CO)O2)C(C)=CC(C)(C)N3,143.339
/mnt/c/Users/466259/Uni-Mol/unimol_docking_v2/interface/predict_sdf_4k7a/4wnv_predict_60.sdf,O=C1[C@@H]2C[C@H](O)CN2C(=O)N1c1ccc([N+](=O)[O-])c2ccccc12,30.663
/mnt/c/Users/466259/Uni-Mol/unimol_docking_v2/interface/predict_sdf_4k7a/4wnv_predict_43.sdf,CCC(CC)(c1ccc(NCCC(C)(C)O)c(C)c1)c1ccc(OCC(=O)C(C)(C)C)c(C)c1,268.368
/mnt/c/Users/466259/Uni-Mol/unimol_docking_v2/interface/predict_sdf_4k7a/4wnv_predict_405.sdf,COc1ccccc1/C=C1/Oc2ccc(F)cc2-c2ccc3c(c21)C(C)=CC(C)(C)N3,67.286
/mnt/c/Users/466259/Uni-Mol/unimol_docking_v2/interface/predict_sdf_4k7a/4wnv_predict_85.sdf,CC/C=C(\C)c1ccsc1/C=C1/Oc2ccc(O)c(OC)c2-c2ccc3c(c21)C(C)=CC(C)(C)N3,57.885
/mnt/c/Users/466259/Uni-Mol/unimol_docking_v2/interface/predict_sdf_4k7a/4wnv_predict_61.sdf,O=C1[C@@H]2CCCN2C(=O)N1c1ccc([N+](=O)[O-])c2ccccc12,180.873
/mnt/c/Users/466259/Uni-Mol/unimol_docking_v2/interface/predict_sdf_4k7a/4wnv_predict_430.sdf,O=C1[C@@H]2[C@H](C(=O)N1c1ccc(Cl)c(Cl)c1)[C@H]1C=C[C@@H]2CC1,133.872
/mnt/c/Users/466259/Uni-Mol/unimol_docking_v2/interface/predict_sdf_4k7a/4wnv_predict_406.sdf,C[C@](O)(CBr)C(=O)Nc1ccc([N+](=O)[O-])c(C(F)(F)F)c1,99.654
/mnt/c/Users/466259/Uni-Mol/unimol_docking_v2/interface/predict_sdf_4k7a/4wnv_predict_62.sdf,N#Cc1ccc(N2C(=O)[C@H]3[C@H]4CC[C@H](C4)N3C2=O)c2ccccc12,330.452
/mnt/c/Users/466259/Uni-Mol/unimol_docking_v2/interface/predict_sdf_4k7a/4wnv_predict_86.sdf,CO/N=C(\C)c1ccsc1/C=C1\Oc2ccc(O)c(OC)c2-c2ccc3c(c21)C(C)=CC(C)(C)N3,177.682
/mnt/c/Users/466259/Uni-Mol/unimol_docking_v2/interface/predict_sdf_4k7a/4wnv_predict_431.sdf,O=C1[C@@H]2[C@H](C(=O)N1c1ccc(Cl)c(Cl)c1)[C@@H]1C=C[C@H]2C1,195.695
/mnt/c/Users/466259/Uni-Mol/unimol_docking_v2/interface/predict_sdf_4k7a/4wnv_predict_63.sdf,O=C1[C@@H]2[C@@H]3CC[C@@H](C3)N2C(=O)N1c1ccc([N+](=O)[O-])c2ccccc12,129.463
/mnt/c/Users/466259/Uni-Mol/unimol_docking_v2/interface/predict_sdf_4k7a/4wnv_predict_407.sdf,CC1=CC(C)(C)Nc2ccc3c(c21)[C@@H](c1ccccc1)Oc1ccc(Cl)cc1-3,414.516
/mnt/c/Users/466259/Uni-Mol/unimol_docking_v2/interface/predict_sdf_4k7a/4wnv_predict_432.sdf,O=C1[C@@H]2[C@H](C(=O)N1c1ccc([N+](=O)[O-])c3ccccc13)[C@@H]1C=C[C@@H]2CC1,392.883
/mnt/c/Users/466259/Uni-Mol/unimol_docking_v2/interface/predict_sdf_4k7a/4wnv_predict_87.sdf,COc1c(O)ccc2c1-c1ccc3c(c1/C(=C\c1sccc1[C@H](C)O)O2)C(C)=CC(C)(C)N3,253.448
/mnt/c/Users/466259/Uni-Mol/unimol_docking_v2/interface/predict_sdf_4k7a/4wnv_predict_408.sdf,COc1cccc2c1-c1ccc3c(c1[C@H](c1ccccc1)O2)C(C)=CC(C)(C)N3,243.059
/mnt/c/Users/466259/Uni-Mol/unimol_docking_v2/interface/predict_sdf_4k7a/4wnv_predict_64.sdf,,94.671
/mnt/c/Users/466259/Uni-Mol/unimol_docking_v2/interface/predict_sdf_4k7a/4wnv_predict_433.sdf,O=C1[C@@H]2[C@H](C(=O)N1c1cccc(C(F)(F)F)c1)[C@H]1C=C[C@@H]2CC1,106.6
/mnt/c/Users/466259/Uni-Mol/unimol_docking_v2/interface/predict_sdf_4k7a/4wnv_predict_88.sdf,COc1c(O)ccc2c1-c1ccc3c(c1/C(=C\c1sccc1/C(C)=N\O)O2)C(C)=CC(C)(C)N3,374.383
/mnt/c/Users/466259/Uni-Mol/unimol_docking_v2/interface/predict_sdf_4k7a/4wnv_predict_409.sdf,COc1cccc2c1-c1ccc3c(c1[C@@H](c1cccc(C(F)(F)F)c1)O2)C(C)=CC(C)(C)N3,193.03
/mnt/c/Users/466259/Uni-Mol/unimol_docking_v2/interface/predict_sdf_4k7a/4wnv_predict_65.sdf,N#Cc1ccc(N2C(=O)[C@H]3[C@H](O)CCN3C2=O)cc1,84.486
/mnt/c/Users/466259/Uni-Mol/unimol_docking_v2/interface/predict_sdf_4k7a/4wnv_predict_434.sdf,O=C1[C@@H]2[C@H](C(=O)N1c1ccc([N+](=O)[O-])c3ccccc13)[C@H]1C=C[C@@H]2CCC1,278.569
/mnt/c/Users/466259/Uni-Mol/unimol_docking_v2/interface/predict_sdf_4k7a/4wnv_predict_41.sdf,C/C=C1/C(=O)C[C@H]2[C@@H]3CCC4=CC(=O)CC[C@@]4(C)[C@@H]3CC[C@@]12C,138.194
/mnt/c/Users/466259/Uni-Mol/unimol_docking_v2/interface/predict_sdf_4k7a/4wnv_predict_89.sdf,COc1c(O)ccc2c1-c1ccc3c(c1/C(=C\c1sccc1[C@@H](O)C(F)(F)F)O2)C(C)=CC(C)(C)N3,202.745
/mnt/c/Users/466259/Uni-Mol/unimol_docking_v2/interface/predict_sdf_4k7a/4wnv_predict_435.sdf,O=C1[C@@H]2[C@@H]3CCC[C@@H](CC3)[C@@H]2C(=O)N1c1cccc(C(F)(F)F)c1,176.848
/mnt/c/Users/466259/Uni-Mol/unimol_docking_v2/interface/predict_sdf_4k7a/4wnv_predict_66.sdf,N#Cc1ccc(N2C(=O)[C@@H]3[C@H](O)CCN3C2=O)cc1C(F)(F)F,104.046
/mnt/c/Users/466259/Uni-Mol/unimol_docking_v2/interface/predict_sdf_4k7a/4wnv_predict_410.sdf,COc1cccc2c1-c1ccc3c(c1[C@H](c1cccc(OCSC)c1)O2)C(C)=CC(C)(C)N3,330.726
/mnt/c/Users/466259/Uni-Mol/unimol_docking_v2/interface/predict_sdf_4k7a/4wnv_predict_9.sdf,CC(C)(C)OC(=O)N1C[C@@H]2C[C@H]1[C@@H]1C(=O)N(c3ccc([N+](=O)[O-])c4ccccc34)C(=O)N21,103.781
/mnt/c/Users/466259/Uni-Mol/unimol_docking_v2/interface/predict_sdf_4k7a/4wnv_predict_436.sdf,O=C1[C@@H]2[C@H]3C=C[C@H]([C@@H]4C[C@H]34)[C@@H]2C(=O)N1c1ccc([N+](=O)[O-])c2ccccc12,156.889
/mnt/c/Users/466259/Uni-Mol/unimol_docking_v2/interface/predict_sdf_4k7a/4wnv_predict_67.sdf,CC1=C(c2ccc(C#N)c(Cl)c2C)C(=O)N2CC[C@@H](O)[C@@H]12,132.688
/mnt/c/Users/466259/Uni-Mol/unimol_docking_v2/interface/predict_sdf_4k7a/4wnv_predict_90.sdf,C[C@H]1C(=O)C(C)(C)Nc2ccc3c(c21)[C@@H](c1cccc(C(F)(F)F)c1)Oc1ccccc1-3,170.789
/mnt/c/Users/466259/Uni-Mol/unimol_docking_v2/interface/predict_sdf_4k7a/4wnv_predict_411.sdf,COc1cccc2c1-c1ccc3c(c1[C@@H](c1cccc(OC(=O)N(C)C)c1)O2)C(C)=CC(C)(C)N3,89.47
/mnt/c/Users/466259/Uni-Mol/unimol_docking_v2/interface/predict_sdf_4k7a/4wnv_predict_437.sdf,O=C1[C@@H]2[C@H]3C=C[C@H]([C@H]4C[C@@H]34)[C@@H]2C(=O)N1c1cccc(C(F)(F)F)c1,117.205
/mnt/c/Users/466259/Uni-Mol/unimol_docking_v2/interface/predict_sdf_4k7a/4wnv_predict_68.sdf,C[C@]12C[C@H](O)[C@H]3[C@@H](CCC4=CC(=O)C=C[C@]43C)[C@H]1CC[C@@]2(O)C(=O)CO,221.381
/mnt/c/Users/466259/Uni-Mol/unimol_docking_v2/interface/predict_sdf_4k7a/4wnv_predict_412.sdf,O=C1[C@@H]2[C@@H]3CC[C@@H](C3)[C@@H]2C(=O)N1c1cccc(C(F)(F)F)c1,103.055
/mnt/c/Users/466259/Uni-Mol/unimol_docking_v2/interface/predict_sdf_4k7a/4wnv_predict_91.sdf,COCc1ccsc1/C=C1/Oc2ccc(O)c(OC)c2-c2ccc3c(c21)C(C)=CC(C)(C)N3,246.829
/mnt/c/Users/466259/Uni-Mol/unimol_docking_v2/interface/predict_sdf_4k7a/4wnv_predict_44.sdf,CCC(CC)(c1ccc(NC[C@H](O)CO)c(C)c1)c1ccc(OC[C@H](O)C(C)(C)C)c(C)c1,63.566
/mnt/c/Users/466259/Uni-Mol/unimol_docking_v2/interface/predict_sdf_4k7a/4wnv_predict_69.sdf,Cc1c(N2C(=O)N3CC[C@@H](O)[C@H]3[C@@H]2C(C)C)ccc(C#N)c1Cl,142.737
/mnt/c/Users/466259/Uni-Mol/unimol_docking_v2/interface/predict_sdf_4k7a/4wnv_predict_413.sdf,O=C1[C@@H]2[C@H](C(=O)N1c1ccc([N+](=O)[O-])c(C(F)(F)F)c1)[C@@H]1C=C[C@H]2C1,84.19
/mnt/c/Users/466259/Uni-Mol/unimol_docking_v2/interface/predict_sdf_4k7a/4wnv_predict_92.sdf,,39.649
/mnt/c/Users/466259/Uni-Mol/unimol_docking_v2/interface/predict_sdf_4k7a/4wnv_predict_45.sdf,CCC(CC)(c1ccc(NC[C@@H](O)CO)c(C)c1)c1ccc(OCC(=O)C(C)(C)C)c(C)c1,62.805
/mnt/c/Users/466259/Uni-Mol/unimol_docking_v2/interface/predict_sdf_4k7a/4wnv_predict_7.sdf,CC(C)(C)OC(=O)N1C[C@@H]2C[C@H]1[C@H]1C(=O)N(c3ccc(C#N)c(C(F)(F)F)c3)C(=O)N21,34.548
/mnt/c/Users/466259/Uni-Mol/unimol_docking_v2/interface/predict_sdf_4k7a/4wnv_predict_414.sdf,O=C1[C@@H]2[C@@H]3CC[C@@H](C3)[C@@H]2C(=O)N1c1ccc([N+](=O)[O-])c(C(F)(F)F)c1,98.464
/mnt/c/Users/466259/Uni-Mol/unimol_docking_v2/interface/predict_sdf_4k7a/4wnv_predict_46.sdf,C#Cc1cccc2c1-c1ccc3c(c1[C@H](CC=C)O2)C(C)=CC(C)(C)N3,112.85
/mnt/c/Users/466259/Uni-Mol/unimol_docking_v2/interface/predict_sdf_4k7a/4wnv_predict_93.sdf,COc1c(O)ccc2c1-c1ccc3c(c1/C(=C\c1cccc(O)c1)O2)C(C)=CC(C)(C)N3,184.129
/mnt/c/Users/466259/Uni-Mol/unimol_docking_v2/interface/predict_sdf_4k7a/4wnv_predict_70.sdf,Cc1c(N2C(=O)N3CC[C@@H](O)[C@@H]3[C@H]2C(F)(F)F)ccc(C#N)c1Cl,144.685
/mnt/c/Users/466259/Uni-Mol/unimol_docking_v2/interface/predict_sdf_4k7a/4wnv_predict_415.sdf,O=C1[C@@H]2[C@H](C(=O)N1c1ccc(Br)c(C(F)(F)F)c1)[C@@H]1C=C[C@H]2C1,156.164
/mnt/c/Users/466259/Uni-Mol/unimol_docking_v2/interface/predict_sdf_4k7a/4wnv_predict_47.sdf,,51.861
/mnt/c/Users/466259/Uni-Mol/unimol_docking_v2/interface/predict_sdf_4k7a/4wnv_predict_94.sdf,COc1c(O)ccc2c1-c1ccc3c(c1/C(=C\c1cccc(C)c1)O2)C(C)=CC(C)(C)N3,313.462
/mnt/c/Users/466259/Uni-Mol/unimol_docking_v2/interface/predict_sdf_4k7a/4wnv_predict_71.sdf,CC[C@H]1[C@H]2[C@@H](O)CCN2C(=O)N1c1ccc(C#N)c(Cl)c1C,275.188
/mnt/c/Users/466259/Uni-Mol/unimol_docking_v2/interface/predict_sdf_4k7a/4wnv_predict_416.sdf,CC(=O)[C@H]1CC[C@@H]2[C@H]3CCC4=CC(=O)CC[C@@]4(C)[C@H]3CC[C@]12C,104.186
/mnt/c/Users/466259/Uni-Mol/unimol_docking_v2/interface/predict_sdf_4k7a/4wnv_predict_48.sdf,Oc1cc(C(F)(F)F)c2cc(N(CC3CC3)CC(F)(F)F)ccc2n1,240.029
/mnt/c/Users/466259/Uni-Mol/unimol_docking_v2/interface/predict_sdf_4k7a/4wnv_predict_95.sdf,COCOCc1cc(F)ccc1/C=C1\Oc2ccc(O)c(OC)c2-c2ccc3c(c21)C(C)=CC(C)(C)N3,181.524
/mnt/c/Users/466259/Uni-Mol/unimol_docking_v2/interface/predict_sdf_4k7a/4wnv_predict_417.sdf,Cc1cc(N2C(=O)[C@@H]3[C@H](C2=O)[C@@H]2C=C[C@H]3C2)ccc1Br,30.003
/mnt/c/Users/466259/Uni-Mol/unimol_docking_v2/interface/predict_sdf_4k7a/4wnv_predict_72.sdf,Cc1c(N2C(=O)N3CC[C@@H](O)[C@H]3[C@H]2C(F)(F)F)ccc(C#N)c1Cl,99.839
/mnt/c/Users/466259/Uni-Mol/unimol_docking_v2/interface/predict_sdf_4k7a/4wnv_predict_49.sdf,CCN(CC(F)(F)F)c1ccc2nc(O)cc(C(F)(F)F)c2c1,82.447
/mnt/c/Users/466259/Uni-Mol/unimol_docking_v2/interface/predict_sdf_4k7a/4wnv_predict_96.sdf,COc1c(O)ccc2c1-c1ccc3c(c1/C(=C\c1ccc(F)cc1CO)O2)C(C)=CC(C)(C)N3,218.612
/mnt/c/Users/466259/Uni-Mol/unimol_docking_v2/interface/predict_sdf_4k7a/4wnv_predict_418.sdf,O=C1[C@@H]2[C@H](C(=O)N1c1ccc(F)c(Cl)c1)[C@@H]1C=C[C@H]2C1,88.024
/mnt/c/Users/466259/Uni-Mol/unimol_docking_v2/interface/predict_sdf_4k7a/4wnv_predict_73.sdf,CC[C@H]1[C@H]2[C@@H](O)CCN2C(=O)N1c1ccc(C#N)c(Cl)c1C,5.575
/mnt/c/Users/466259/Uni-Mol/unimol_docking_v2/interface/predict_sdf_4k7a/4wnv_predict_419.sdf,Cc1ccc(N2C(=O)[C@@H]3[C@H](C2=O)[C@@H]2C=C[C@H]3C2)cc1C,62.785
/mnt/c/Users/466259/Uni-Mol/unimol_docking_v2/interface/predict_sdf_4k7a/4wnv_predict_97.sdf,CCC(=O)O[C@@H]1CC[C@H]2[C@H]3CCC4=CC(=O)CC[C@]4(C)[C@H]3CC[C@@]12C,30.519
/mnt/c/Users/466259/Uni-Mol/unimol_docking_v2/interface/predict_sdf_4k7a/4wnv_predict_74.sdf,Cc1c(N2C(=O)N3CC[C@@H](O)[C@H]3[C@@H]2C)ccc(C#N)c1Cl,94.538
/mnt/c/Users/466259/Uni-Mol/unimol_docking_v2/interface/predict_sdf_4k7a/4wnv_predict_5.sdf,C#C[C@@]1(O)CC[C@@H]2[C@@H]3CCC4=CC(=O)CCC4=C3[C@H](c3ccc(N(C)CCO[C@H]4CC[C@@]5(C)[C@@H](C4)C[C@@H](O)[C@H]4[C@@H]5C[C@H](O)[C@@]5(C)[C@@H]([C@H](C)CCC(=O)NCCS(=O)(=O)O)CC[C@@H]45)cc3)C[C@@]21C,358.973
/mnt/c/Users/466259/Uni-Mol/unimol_docking_v2/interface/predict_sdf_4k7a/4wnv_predict_42.sdf,CCC(CC)(c1ccc(NCCC(C)(C)O)c(C)c1)c1ccc(NCCC(C)(C)O)c(C)c1,51.742
/mnt/c/Users/466259/Uni-Mol/unimol_docking_v2/interface/predict_sdf_4k7a/4wnv_predict_98.sdf,COC(=O)[C@H]1[C@@H](O)CCN1S(=O)(=O)c1ccc(C#N)c(Cl)c1C,96.228
/mnt/c/Users/466259/Uni-Mol/unimol_docking_v2/interface/predict_sdf_4k7a/4wnv_predict_75.sdf,Cc1c(N2C(=O)N3CC[C@H](O)[C@@H]3[C@@H]2C(F)(F)F)ccc(C#N)c1Cl,49.025
/mnt/c/Users/466259/Uni-Mol/unimol_docking_v2/interface/predict_sdf_4k7a/4wnv_predict_420.sdf,O=C1[C@@H]2[C@H](C(=O)N1c1ccc([N+](=O)[O-])c3ccccc13)[C@@H]1C=C[C@H]2C1,198.255
/mnt/c/Users/466259/Uni-Mol/unimol_docking_v2/interface/predict_sdf_4k7a/4wnv_predict_50.sdf,Oc1cc(C(F)(F)F)c2cc(N(CC3CC3)CC3CC3)ccc2n1,212.844
/mnt/c/Users/466259/Uni-Mol/unimol_docking_v2/interface/predict_sdf_4k7a/4wnv_predict_99.sdf,Cc1c(N2C[C@H]3[C@@H](O)CCN3S2(=O)=O)ccc(C#N)c1Cl,191.992
/mnt/c/Users/466259/Uni-Mol/unimol_docking_v2/interface/predict_sdf_4k7a/4wnv_predict_76.sdf,CC[C@H]1[C@H]2[C@@H](O)CCN2C(=O)N1c1ccc(C#N)c(Cl)c1C,314.516
/mnt/c/Users/466259/Uni-Mol/unimol_docking_v2/interface/predict_sdf_4k7a/4wnv_predict_421.sdf,O=C1[C@@H]2[C@H](C(=O)N1c1cc(C(F)(F)F)cc(C(F)(F)F)c1)[C@@H]1C=C[C@H]2C1,97.444
/mnt/c/Users/466259/Uni-Mol/unimol_docking_v2/interface/predict_sdf_4k7a/4wnv_predict_51.sdf,CCN(c1ccc2nc(O)cc(C(F)(F)F)c2c1)C(C)C,149.429
/mnt/c/Users/466259/Uni-Mol/unimol_docking_v2/interface/predict_sdf_4k7a/4wnv_predict_52.sdf,,131.434
/mnt/c/Users/466259/Uni-Mol/unimol_docking_v2/interface/predict_sdf_4k7a/4wnv_predict_77.sdf,Cc1c(N2C(=O)N3CC[C@H](O)[C@@H]3[C@@H]2C)ccc(C#N)c1Cl,10.747
/mnt/c/Users/466259/Uni-Mol/unimol_docking_v2/interface/predict_sdf_4k7a/4wnv_predict_53.sdf,CCN(CC)c1ccc2nc(O)cc(C(F)(F)F)c2c1,65.03
/mnt/c/Users/466259/Uni-Mol/unimol_docking_v2/interface/predict_sdf_4k7a/4wnv_predict_423.sdf,O=C1[C@@H]2[C@H](C(=O)N1c1ccc3cccnc3c1)[C@@H]1C=C[C@H]2C1,100.939
/mnt/c/Users/466259/Uni-Mol/unimol_docking_v2/interface/predict_sdf_4k7a/4wnv_predict_78.sdf,Cc1c(N2C(=O)N3CC[C@@H](O)[C@H]3[C@H]2C(F)(F)F)ccc(C#N)c1Cl,36.835
/mnt/c/Users/466259/Uni-Mol/unimol_docking_v2/interface/predict_sdf_4k7a/4wnv_predict_54.sdf,N#Cc1ccc(N2C(=O)[C@@H]3[C@H](O)CCN3C2=O)c2ccccc12,127.652
/mnt/c/Users/466259/Uni-Mol/unimol_docking_v2/interface/predict_sdf_4k7a/4wnv_predict_424.sdf,O=C1[C@@H]2[C@H](C(=O)N1c1ccc3ccccc3c1)[C@@H]1C=C[C@H]2C1,169.962
/mnt/c/Users/466259/Uni-Mol/unimol_docking_v2/interface/predict_sdf_4k7a/4wnv_predict_79.sdf,C=CC[C@H]1Oc2cccc(C=C)c2-c2ccc3c(c21)C(C)=CC(C)(C)N3,123.403
/mnt/c/Users/466259/Uni-Mol/unimol_docking_v2/interface/predict_sdf_4k7a/4wnv_predict_55.sdf,N#Cc1ccc(N2C(=O)[C@@H]3[C@H](O)CCN3C2=O)c2ccccc12,85.987
/mnt/c/Users/466259/Uni-Mol/unimol_docking_v2/interface/predict_sdf_4k7a/4wnv_predict_425.sdf,O=C1[C@@H]2[C@H](C(=O)N1c1ccc(O)c3ncccc13)[C@@H]1C=C[C@H]2C1,226.628
/mnt/c/Users/466259/Uni-Mol/unimol_docking_v2/interface/predict_sdf_4k7a/4wnv_predict_8.sdf,CC(C)(C)OC(=O)N1C[C@H]2C[C@@H]1[C@@H]1C(=O)N(c3ccc([N+](=O)[O-])c4ccccc34)C(=O)N21,308.484
/mnt/c/Users/466259/Uni-Mol/unimol_docking_v2/interface/predict_sdf_4k7a/4wnv_predict_56.sdf,O=C1[C@H]2[C@@H](O)CCN2C(=O)N1c1ccc([N+](=O)[O-])c2ccccc12,73.455
/mnt/c/Users/466259/Uni-Mol/unimol_docking_v2/interface/predict_sdf_4k7a/4wnv_predict_426.sdf,O=C1[C@@H]2[C@H]3CC[C@H](C3)[C@@H]2C(=O)N1c1ccc2ccccc2c1,9.082
/mnt/c/Users/466259/Uni-Mol/unimol_docking_v2/interface/predict_sdf_4k7a/4wnv_predict_80.sdf,CC[C@H]1[C@H]2[C@@H](O)CCN2C(=O)N1c1ccc(C#N)c(Cl)c1C,243.17
/mnt/c/Users/466259/Uni-Mol/unimol_docking_v2/interface/predict_sdf_4k7a/4wnv_predict_57.sdf,C=CC[C@H]1Oc2cccc(O)c2-c2ccc3c(c21)C(C)=CC(C)(C)N3,128.689
/mnt/c/Users/466259/Uni-Mol/unimol_docking_v2/interface/predict_sdf_4k7a/4wnv_predict_81.sdf,Cc1c(N2C(=O)N3CC[C@H](O)[C@@H]3[C@H]2C)ccc(C#N)c1Cl,157.287
/mnt/c/Users/466259/Uni-Mol/unimol_docking_v2/interface/predict_sdf_4k7a/4wnv_predict_58.sdf,O=C1[C@H]2[C@H](O)CCN2C(=O)N1c1ccc([N+](=O)[O-])c2ccccc12,164.273
/mnt/c/Users/466259/Uni-Mol/unimol_docking_v2/interface/predict_sdf_4k7a/4wnv_predict_82.sdf,Cc1c(N2C[C@H]3[C@@H](O)CC[C@H]3C2=O)ccc(C#N)c1Cl,205.357
/mnt/c/Users/466259/Uni-Mol/unimol_docking_v2/interface/predict_sdf_4k7a/4wnv_predict_83.sdf,Cc1c(N2C[C@@H]3[C@H](O)CCN3C2=O)ccc(C#N)c1Cl,181.709
